10		10		10		10		10		10		10		10		10		10		10		10		10	
Nadine SEC Superose 6001:10_UV1_280nm	mAU	Nadine SEC Superose 6001:10_UV2_360nm	mAU	Nadine SEC Superose 6001:10_UV3_410nm	mAU	Nadine SEC Superose 6001:10_Cond		Nadine SEC Superose 6001:10_Cond%		Nadine SEC Superose 6001:10_Conc		Nadine SEC Superose 6001:10_pH		Nadine SEC Superose 6001:10_Pressure		Nadine SEC Superose 6001:10_Flow		Nadine SEC Superose 6001:10_Temp		Nadine SEC Superose 6001:10_Fractions		Nadine SEC Superose 6001:10_Inject		Nadine SEC Superose 6001:10_Logbook	
ml	280 nm	ml	360 nm	ml	410 nm	ml	 mS/cm	ml	 %	ml	 %B	ml	 	ml	 MPa	ml	 ml/min	ml	 °C	ml	(Fractions)	ml	(Injections)	ml	(Set Marks)
0	-0.22	0	301.36	0	268.5	0	13.8	0	13.8	0	0	0	7.64	0	0.05	0	0.02	0	30.6	0.03	1	0	3	-0.01	Method Run 8/3/2021, 1:51:16 PM W. Europe Daylight Time, Method : Nadine 
0	-0.27	0	311.31	0	287.82	0	13.8	0	13.8	0	0	0	7.64	0	0.03	0	0.02	0	30.6	0.13	2			-0.01	User default in control of the run
0.01	-0.31	0.01	321.26	0.01	307.14	0.01	13.81	0.01	13.8	0.01	0	0.01	7.64	0.01	0.01	0.01	0.02	0.01	30.6	0.23	3			-0.01	Batch ID: D54A1609-A8C8-46EF-A4FD-EA0A8900C7C4
0.01	-0.2	0.01	325.81	0.01	315.9	0.01	13.81	0.01	13.8	0.01	0	0.01	7.64	0.01	0	0.01	0.02	0.01	30.6	0.33	4			-0.01	Base CV, 2.41 {ml}, Superose_6_PC_3.2/30
0.02	0.05	0.02	325.94	0.02	316.04	0.02	13.81	0.02	13.8	0.02	0	0.02	7.64	0.02	0	0.02	0.02	0.02	30.6	0.43	5			0	Block Start_with_PumpWash_Purifier
0.02	0.28	0.02	326.07	0.02	316.17	0.02	13.81	0.02	13.8	0.02	0	0.02	7.64	0.02	0	0.02	0.02	0.02	30.6	0.53	6			0	Base SameAsMain
0.02	0.37	0.02	326.1	0.02	316.15	0.02	13.81	0.02	13.8	0.02	0	0.02	7.64	0.02	0	0.02	0.02	0.03	30.6	0.63	7			0	PumpWashPurifier OFF, OFF, OFF, OFF
0.03	0.47	0.03	326.13	0.03	316.14	0.03	13.81	0.03	13.8	0.03	0	0.03	7.64	0.03	0	0.03	0.02	0.03	30.6	0.73	8			0	End Block
0.03	0.53	0.03	326.17	0.03	316.11	0.03	13.81	0.03	13.8	0.03	0	0.03	7.64	0.03	0	0.03	0.02	0.04	30.6	0.83	9			0	Block Flow_Rate
0.04	0.56	0.04	326.2	0.04	316.08	0.04	13.81	0.04	13.8	0.04	0	0.04	7.64	0.04	0	0.04	0.02	0.04	30.6	0.93	10			0	Base SameAsMain
0.04	0.6	0.04	326.24	0.04	316.06	0.04	13.82	0.04	13.8	0.04	0	0.04	7.64	0.04	0	0.04	0.02	0.05	30.6	1.03	11			0	Flow    0.020 ml/min
0.04	0.65	0.04	326.24	0.04	316.12	0.04	13.82	0.04	13.8	0.04	0	0.04	7.64	0.04	0	0.04	0.02	0.05	30.6	1.12	12			0	End Block
0.05	0.69	0.05	326.25	0.05	316.18	0.05	13.82	0.05	13.8	0.05	0	0.05	7.64	0.05	0	0.05	0.02	0.06	30.6	1.22	13			0	Block Column_Pressure_Limit
0.05	0.73	0.05	326.27	0.05	316.22	0.05	13.82	0.05	13.8	0.05	0	0.05	7.64	0.05	0	0.05	0.02	0.06	30.6	1.32	14			0	Base SameAsMain
0.06	0.78	0.06	326.29	0.06	316.27	0.06	13.82	0.06	13.8	0.06	0	0.06	7.64	0.06	0	0.06	0.02	0.07	30.6	1.42	15			0	Alarm_Pressure Enabled ,     2.00 MPa,     0.00 MPa
0.06	0.81	0.06	326.3	0.06	316.3	0.06	13.82	0.06	13.8	0.06	0	0.06	7.64	0.06	0	0.06	0.02	0.07	30.6	1.52	16			0	End Block
0.06	0.77	0.06	326.27	0.06	316.25	0.06	13.82	0.06	13.8	0.06	0	0.06	7.64	0.06	0	0.06	0.02	0.07	30.6	1.62	17			0	Block Start_Instructions
0.07	0.73	0.07	326.24	0.07	316.2	0.07	13.82	0.07	13.8	0.07	0	0.07	7.64	0.07	0	0.07	0.02	0.08	30.6	1.72	18			0	Base SameAsMain
0.07	0.72	0.07	326.26	0.07	316.19	0.07	13.82	0.07	13.8	0.07	0	0.07	7.64	0.07	0	0.07	0.02	0.08	30.6	1.82	19			0	Wavelength  280 nm,  360 nm,  410 nm
0.08	0.74	0.08	326.31	0.08	316.21	0.08	13.82	0.08	13.8	0.08	0	0.08	7.64	0.08	0	0.08	0.02	0.09	30.6	1.92	20			0	AveragingTimeUV 5.12 sec
0.08	0.76	0.08	326.36	0.08	316.23	0.08	13.82	0.08	13.8	0.08	0	0.08	7.64	0.08	0	0.08	0.02	0.09	30.6	2.02	21			0	End Block
0.08	0.79	0.08	326.37	0.08	316.25	0.08	13.82	0.08	13.8	0.08	0	0.08	7.64	0.08	0	0.08	0.02	0.1	30.6	2.12	22			0	Block Eluent_A_Inlet
0.09	0.83	0.09	326.39	0.09	316.27	0.09	13.82	0.09	13.8	0.09	0	0.09	7.64	0.09	0	0.09	0.02	0.1	30.6	2.22	23			0	Base SameAsMain
0.09	0.86	0.09	326.43	0.09	316.32	0.09	13.82	0.09	13.8	0.09	0	0.09	7.64	0.09	0	0.09	0.02	0.11	30.6	2.32	24			0	PumpAInlet A1 
0.1	0.88	0.1	326.48	0.1	316.39	0.1	13.82	0.1	13.8	0.1	0	0.1	7.64	0.1	0	0.1	0.02	0.11	30.6	2.42	25			0	End Block
0.1	0.9	0.1	326.53	0.1	316.45	0.1	13.82	0.1	13.8	0.1	0	0.1	7.64	0.1	0	0.1	0.02	0.12	30.6	2.52	26			0	Block Eluent_B_Inlet
0.1	0.86	0.1	326.49	0.1	316.37	0.1	13.82	0.1	13.8	0.1	0	0.1	7.64	0.1	0	0.1	0.02	0.12	30.6	2.62	27			0	Base SameAsMain
0.11	0.83	0.11	326.46	0.11	316.29	0.11	13.82	0.11	13.8	0.11	0	0.11	7.64	0.11	0	0.11	0.02	0.13	30.6	2.72	28			0	PumpBInlet B1 
0.11	0.84	0.11	326.48	0.11	316.27	0.11	13.82	0.11	13.8	0.11	0	0.11	7.64	0.11	0	0.11	0.02	0.13	30.6	2.82	29			0	End Block
0.12	0.87	0.12	326.52	0.12	316.29	0.12	13.82	0.12	13.8	0.12	0	0.12	7.64	0.12	0	0.12	0.02	0.14	30.6	2.92	30			0	Block Start_Conc_B
0.12	0.9	0.12	326.56	0.12	316.3	0.12	13.82	0.12	13.8	0.12	0	0.12	7.64	0.12	0	0.12	0.02	0.14	30.6	2.95	Waste			0	Base SameAsMain
0.12	0.89	0.12	326.56	0.12	316.27	0.12	13.82	0.12	13.8	0.12	0	0.12	7.64	0.12	0	0.12	0.02	0.14	30.6					0	Gradient      0.0 %B,    0.000 CV
0.13	0.88	0.13	326.56	0.13	316.24	0.13	13.82	0.13	13.8	0.13	0	0.13	7.64	0.13	0	0.13	0.02	0.15	30.7					0	End Block
0.13	0.9	0.13	326.57	0.13	316.29	0.13	13.82	0.13	13.8	0.13	0	0.13	7.64	0.13	0	0.13	0.02	0.15	30.7					0	Block Column_Equilibration
0.14	0.94	0.14	326.59	0.14	316.37	0.14	13.81	0.14	13.8	0.14	0	0.14	7.64	0.14	0	0.14	0.02	0.16	30.7					0	Base SameAsMain
0.14	0.96	0.14	326.6	0.14	316.43	0.14	13.81	0.14	13.8	0.14	0	0.14	7.64	0.14	0	0.14	0.02	0.16	30.7					0	End Block
0.14	0.92	0.14	326.59	0.14	316.4	0.14	13.81	0.14	13.8	0.14	0	0.14	7.64	0.14	0	0.14	0.02	0.17	30.7					0	Block AutoZero_UV
0.15	0.87	0.15	326.58	0.15	316.37	0.15	13.81	0.15	13.8	0.15	0	0.15	7.64	0.15	0	0.15	0.02	0.17	30.7					0	Base SameAsMain
0.15	0.85	0.15	326.57	0.15	316.36	0.15	13.81	0.15	13.8	0.15	0	0.15	7.64	0.15	0	0.15	0.02	0.18	30.7					0	Watch_Off UV1
0.16	0.85	0.16	326.56	0.16	316.36	0.16	13.81	0.16	13.8	0.16	0	0.16	7.64	0.16	0	0.16	0.02	0.18	30.7					0	AutoZeroUV 
0.16	0.86	0.16	326.56	0.16	316.36	0.16	13.81	0.16	13.8	0.16	0	0.16	7.64	0.16	0	0.16	0.02	0.19	30.7					0	End Block
0.16	0.87	0.16	326.59	0.16	316.32	0.16	13.81	0.16	13.8	0.16	0	0.16	7.64	0.16	0	0.16	0.02	0.19	30.7					0	Block Aut_PressureFlow_Regulation
0.17	0.88	0.17	326.62	0.17	316.29	0.17	13.81	0.17	13.8	0.17	0	0.17	7.64	0.17	0	0.17	0.02	0.2	30.7					0	Base Time {min}
0.17	0.89	0.17	326.65	0.17	316.32	0.17	13.81	0.17	13.8	0.17	0	0.17	7.64	0.17	0	0.17	0.02	0.2	30.7					0	SystemPumpControlMode Normal ,     0.00 MPa,    0.000 ml/min
0.18	0.89	0.18	326.68	0.18	316.38	0.18	13.81	0.18	13.8	0.18	0	0.18	7.64	0.18	0	0.18	0.02	0.21	30.7					0	End Block
0.18	0.89	0.18	326.69	0.18	316.43	0.18	13.81	0.18	13.8	0.18	0	0.18	7.64	0.18	0	0.18	0.02	0.21	30.7					0	Block Sample_Injection_
0.18	0.88	0.18	326.66	0.18	316.4	0.18	13.81	0.18	13.8	0.18	0	0.18	7.64	0.18	0	0.18	0.02	0.21	30.7					0	Base SameAsMain
0.19	0.88	0.19	326.62	0.19	316.38	0.19	13.82	0.19	13.8	0.19	0	0.19	7.64	0.19	0	0.19	0.02	0.22	30.7					0	InjectionValve Inject 
0.19	0.88	0.19	326.64	0.19	316.36	0.19	13.82	0.19	13.8	0.19	0	0.19	7.64	0.19	0	0.19	0.02	0.22	30.7					0	Block Sample_Injection
0.2	0.89	0.2	326.67	0.2	316.34	0.2	13.82	0.2	13.8	0.2	0	0.2	7.65	0.2	0	0.2	0.02	0.23	30.7					0	Base Volume {ml}
0.2	0.89	0.2	326.69	0.2	316.32	0.2	13.82	0.2	13.8	0.2	0	0.2	7.65	0.2	0	0.2	0.02	0.23	30.7					0.03	End Block
0.2	0.89	0.2	326.67	0.2	316.33	0.2	13.82	0.2	13.8	0.2	0	0.2	7.65	0.2	0	0.2	0.02	0.24	30.7					0.03	InjectionValve Load 
0.21	0.88	0.21	326.66	0.21	316.33	0.21	13.81	0.21	13.8	0.21	0	0.21	7.64	0.21	0	0.21	0.02	0.24	30.7					0.03	End Block
0.21	0.9	0.21	326.64	0.21	316.36	0.21	13.81	0.21	13.8	0.21	0	0.21	7.64	0.21	0	0.21	0.02	0.25	30.7					0.03	Block Aut_PressureFlow_Reset
0.22	0.92	0.22	326.63	0.22	316.4	0.22	13.81	0.22	13.8	0.22	0	0.22	7.64	0.22	0	0.22	0.02	0.25	30.7					0.03	Base Time {min}
0.22	0.92	0.22	326.61	0.22	316.42	0.22	13.81	0.22	13.8	0.22	0	0.22	7.64	0.22	0	0.22	0.02	0.26	30.7					0.03	SystemPumpControlMode Normal ,     0.00 MPa,    0.100 ml/min
0.22	0.89	0.22	326.61	0.22	316.4	0.22	13.81	0.22	13.8	0.22	0	0.22	7.64	0.22	0	0.22	0.02	0.26	30.7					0.03	Block Delay0p02min
0.23	0.86	0.23	326.6	0.23	316.37	0.23	13.82	0.23	13.8	0.23	0	0.23	7.64	0.23	0	0.23	0.02	0.27	30.7					0.03	Base Time {min}
0.23	0.84	0.23	326.6	0.23	316.36	0.23	13.82	0.23	13.8	0.23	0	0.23	7.64	0.23	0	0.23	0.02	0.27	30.7					0.03	End Block
0.24	0.84	0.24	326.61	0.24	316.35	0.24	13.82	0.24	13.8	0.24	0	0.24	7.64	0.24	0	0.24	0.02	0.28	30.8					0.03	End Block
0.24	0.83	0.24	326.61	0.24	316.34	0.24	13.82	0.24	13.8	0.24	0	0.24	7.64	0.24	0	0.24	0.02	0.28	30.8					0.03	Block Fractionation
0.24	0.82	0.24	326.6	0.24	316.33	0.24	13.82	0.24	13.8	0.24	0	0.24	7.64	0.24	0	0.24	0.02	0.28	30.8					0.03	Base SameAsMain
0.25	0.8	0.25	326.6	0.25	316.31	0.25	13.82	0.25	13.8	0.25	0	0.25	7.64	0.25	0	0.25	0.02	0.29	30.8					0.03	Fractionation_900    0.100 ml
0.25	0.83	0.25	326.65	0.25	316.35	0.25	13.82	0.25	13.8	0.25	0	0.25	7.64	0.25	0	0.25	0.02	0.29	30.8					0.03	End Block
0.26	0.88	0.26	326.71	0.26	316.4	0.26	13.82	0.26	13.8	0.26	0	0.26	7.64	0.26	0	0.26	0.02	0.3	30.8					0.03	Block Flow_Rate
0.26	0.91	0.26	326.76	0.26	316.44	0.26	13.82	0.26	13.8	0.26	0	0.26	7.64	0.26	0	0.26	0.02	0.3	30.8					0.03	Base SameAsMain
0.26	0.91	0.26	326.75	0.26	316.47	0.26	13.81	0.26	13.8	0.26	0	0.26	7.64	0.26	0	0.26	0.02	0.31	30.8					0.03	Flow    0.020 ml/min
0.27	0.91	0.27	326.74	0.27	316.49	0.27	13.81	0.27	13.8	0.27	0	0.27	7.64	0.27	0	0.27	0.02	0.31	30.8					0.03	End Block
0.27	0.89	0.27	326.71	0.27	316.43	0.27	13.81	0.27	13.8	0.27	0	0.27	7.64	0.27	0	0.27	0.02	0.32	30.8					0.03	Block Isocratic_Elution
0.28	0.86	0.28	326.68	0.28	316.36	0.28	13.81	0.28	13.8	0.28	0	0.28	7.64	0.28	0	0.28	0.02	0.32	30.8					0.03	Base SameAsMain
0.28	0.84	0.28	326.66	0.28	316.3	0.28	13.81	0.28	13.8	0.28	0	0.28	7.64	0.28	0	0.28	0.02	0.33	30.8					0.03	Block Length_of_Elution
0.28	0.83	0.28	326.67	0.28	316.3	0.28	13.81	0.28	13.8	0.28	0	0.28	7.64	0.28	0	0.28	0.02	0.33	30.8					0.03	Base SameAsMain
0.29	0.82	0.29	326.68	0.29	316.31	0.29	13.81	0.29	13.8	0.29	0	0.29	7.64	0.29	0	0.29	0.02	0.34	30.8					0.4	Pause 8/3/2021, 2:11:26 PM (Manual)
0.29	0.84	0.29	326.68	0.29	316.31	0.29	13.81	0.29	13.8	0.29	0	0.29	7.64	0.29	0	0.29	0.02	0.34	30.8					0.4	Fractionation_900    0.100 ml (Manual)
0.3	0.87	0.3	326.69	0.3	316.31	0.3	13.81	0.3	13.8	0.3	0	0.3	7.64	0.3	0	0.3	0.02	0.35	30.8					0.4	Hold 8/3/2021, 2:22:25 PM (Manual)
0.3	0.89	0.3	326.71	0.3	316.33	0.3	13.81	0.3	13.8	0.3	0	0.3	7.64	0.3	0	0.3	0.02	0.35	30.8					0.41	Continue 8/3/2021, 2:22:36 PM (Manual)
0.31	0.91	0.31	326.76	0.31	316.38	0.3	13.81	0.3	13.8	0.3	0	0.3	7.64	0.3	0	0.3	0.02	0.35	30.8					0.42	Pause 8/3/2021, 2:23:18 PM (Manual)
0.31	0.93	0.31	326.81	0.31	316.43	0.31	13.81	0.31	13.8	0.31	0	0.31	7.64	0.31	0	0.31	0.02	0.36	30.8					0.42	Flow    0.000 ml/min (Manual)
0.31	0.91	0.31	326.78	0.31	316.43	0.31	13.81	0.31	13.8	0.31	0	0.31	7.64	0.31	0	0.31	0.02	0.36	30.8					0.42	Flow    0.000 ml/min (Manual)
0.32	0.88	0.32	326.73	0.32	316.41	0.32	13.81	0.32	13.8	0.32	0	0.32	7.64	0.32	0	0.32	0.02	0.37	30.8					0.42	Flow    0.020 ml/min (Manual)
0.32	0.86	0.32	326.7	0.32	316.39	0.32	13.81	0.32	13.8	0.32	0	0.32	7.64	0.32	0	0.32	0.02	0.37	30.8					0.42	Fractionation_900    0.100 ml (Manual)
0.33	0.87	0.33	326.72	0.33	316.36	0.33	13.81	0.33	13.8	0.33	0	0.33	7.64	0.33	0	0.33	0.02	0.38	30.8					0.42	Continue 8/3/2021, 2:24:27 PM (Manual)
0.33	0.88	0.33	326.73	0.33	316.33	0.33	13.81	0.33	13.8	0.33	0	0.33	7.64	0.33	0	0.33	0.02	0.38	30.8					2.95	Fractionation_Stop_900  (Manual)
0.33	0.88	0.33	326.72	0.33	316.32	0.33	13.81	0.33	13.8	0.33	0	0.33	7.64	0.33	0	0.33	0.02	0.39	30.8					3.66	End Block
0.34	0.87	0.34	326.71	0.34	316.32	0.34	13.81	0.34	13.8	0.34	0	0.34	7.64	0.34	0	0.34	0.02	0.39	30.8					3.66	End Block
0.34	0.88	0.34	326.72	0.34	316.34	0.34	13.81	0.34	13.8	0.34	0	0.34	7.64	0.34	0	0.34	0.02	0.4	30.9					3.66	Block Fractionation_Stop
0.35	0.89	0.35	326.77	0.35	316.4	0.35	13.81	0.35	13.8	0.35	0	0.35	7.64	0.35	0	0.35	0.02	0.4	31					3.66	Base SameAsMain
0.35	0.9	0.35	326.83	0.35	316.46	0.35	13.81	0.35	13.8	0.35	0	0.35	7.64	0.35	0	0.35	0.02	0.41	31					3.66	Fractionation_Stop_900 
0.35	0.9	0.35	326.81	0.35	316.4	0.35	13.81	0.35	13.8	0.35	0	0.35	7.64	0.35	0	0.35	0.02	0.41	31					3.66	Peak_FracStop_900 
0.36	0.9	0.36	326.77	0.36	316.32	0.36	13.81	0.36	13.8	0.36	0	0.36	7.64	0.36	0	0.36	0.02	0.42	31.1					3.66	End Block
0.36	0.91	0.36	326.75	0.36	316.27	0.36	13.81	0.36	13.8	0.36	0	0.36	7.64	0.36	0	0.36	0.02	0.42	31.1						
0.37	0.91	0.37	326.74	0.37	316.3	0.37	13.81	0.37	13.8	0.37	0	0.37	7.64	0.37	0	0.37	0.02	0.42	31.1						
0.37	0.92	0.37	326.74	0.37	316.32	0.37	13.81	0.37	13.8	0.37	0	0.37	7.64	0.37	0	0.37	0.02	0.43	31.1						
0.37	0.91	0.37	326.71	0.37	316.32	0.37	13.81	0.37	13.8	0.37	0	0.37	7.64	0.37	0	0.37	0.02	0.43	31.1						
0.38	0.9	0.38	326.69	0.38	316.32	0.38	13.81	0.38	13.8	0.38	0	0.38	7.64	0.38	0	0.38	0.02	0.44	31.1						
0.38	0.9	0.38	326.69	0.38	316.32	0.38	13.81	0.38	13.8	0.38	0	0.38	7.64	0.38	0	0.38	0.02	0.44	31.1						
0.39	0.91	0.39	326.72	0.39	316.33	0.39	13.81	0.39	13.8	0.39	0	0.39	7.64	0.39	0	0.39	0.02	0.45	31.1						
0.39	0.92	0.39	326.74	0.39	316.34	0.39	13.81	0.39	13.8	0.39	0	0.39	7.64	0.39	0	0.39	0.02	0.45	31.1						
0.39	0.74	0.39	326.62	0.39	316.21	0.39	13.81	0.39	13.8	0.39	0	0.39	7.64	0.39	0	0.39	0.02	0.46	31.1						
0.4	0.54	0.4	326.47	0.4	316.07	0.4	13.81	0.4	13.8	0.4	0	0.4	7.64	0.4	0	0.4	0.02	0.46	31.1						
0.4	0.55	0.4	326.47	0.4	316.07	0.4	13.8	0.4	13.8	0.4	0	0.4	7.64	0.4	0	0.4	0.02	0.47	31.1						
0.41	0.92	0.41	326.68	0.41	316.29	0.41	13.8	0.41	13.8	0.41	0	0.41	7.64	0.41	0	0.41	0.02	0.47	31.1						
0.41	1.29	0.41	326.9	0.41	316.52	0.41	13.8	0.41	13.8	0.41	0	0.41	7.64	0.41	0	0.41	0.02	0.48	31.1						
0.41	2.75	0.41	327.7	0.41	317.1	0.41	13.8	0.41	13.8	0.41	0	0.41	7.64	0.41	0	0.41	0.02	0.48	31.1						
0.42	4.33	0.42	328.56	0.42	317.72	0.42	13.8	0.42	13.8	0.42	0	0.42	7.64	0.42	0	0.42	0.02	0.49	31.1						
0.42	5.27	0.42	329.08	0.42	318.12	0.42	13.8	0.42	13.8	0.42	0	0.42	7.64	0.42	0	0.42	0.02	0.49	31.1						
0.43	5.23	0.43	329.08	0.43	318.21	0.43	13.8	0.43	13.8	0.43	0	0.43	7.64	0.43	0	0.43	0.02	0.49	31.1						
0.43	5.2	0.43	329.09	0.43	318.29	0.43	13.8	0.43	13.8	0.43	0	0.43	7.64	0.43	0	0.43	0.02	0.5	31.1						
0.43	5.4	0.43	329.17	0.43	318.29	0.43	13.8	0.43	13.8	0.43	0	0.43	7.64	0.43	0	0.43	0.02	0.5	31.1						
0.44	5.63	0.44	329.25	0.44	318.27	0.44	13.8	0.44	13.8	0.44	0	0.44	7.64	0.44	0	0.44	0.02	0.51	31.1						
0.44	5.58	0.44	329.2	0.44	318.19	0.44	13.8	0.44	13.8	0.44	0	0.44	7.64	0.44	0	0.44	0.02	0.51	31.1						
0.45	5.14	0.45	328.94	0.45	318	0.45	13.8	0.45	13.8	0.45	0	0.45	7.64	0.45	0	0.45	0.02	0.52	31.1						
0.45	4.71	0.45	328.69	0.45	317.82	0.45	13.8	0.45	13.8	0.45	0	0.45	7.64	0.45	0	0.45	0.02	0.52	31.1						
0.45	4.44	0.45	328.55	0.45	317.71	0.45	13.8	0.45	13.8	0.45	0	0.45	7.64	0.45	0	0.45	0.02	0.53	31.1						
0.46	4.19	0.46	328.41	0.46	317.61	0.46	13.8	0.46	13.8	0.46	0	0.46	7.64	0.46	0	0.46	0.02	0.53	31.1						
0.46	4	0.46	328.32	0.46	317.53	0.46	13.8	0.46	13.8	0.46	0	0.46	7.64	0.46	0	0.46	0.02	0.54	31.1						
0.47	3.9	0.47	328.27	0.47	317.47	0.47	13.8	0.47	13.8	0.47	0	0.47	7.64	0.47	0	0.47	0.02	0.54	31.1						
0.47	3.79	0.47	328.22	0.47	317.42	0.47	13.8	0.47	13.8	0.47	0	0.47	7.64	0.47	0	0.47	0.02	0.55	31.1						
0.47	3.65	0.47	328.17	0.47	317.34	0.47	13.8	0.47	13.8	0.47	0	0.47	7.64	0.47	0	0.47	0.02	0.55	31.1						
0.48	3.51	0.48	328.11	0.48	317.27	0.48	13.8	0.48	13.8	0.48	0	0.48	7.64	0.48	0	0.48	0.02	0.56	31.2						
0.48	3.38	0.48	328.04	0.48	317.22	0.48	13.8	0.48	13.8	0.48	0	0.48	7.64	0.48	0	0.48	0.02	0.56	31.2						
0.49	3.29	0.49	327.97	0.49	317.2	0.49	13.8	0.49	13.8	0.49	0	0.49	7.64	0.49	0	0.49	0.02	0.56	31.2						
0.49	3.19	0.49	327.9	0.49	317.18	0.49	13.8	0.49	13.8	0.49	0	0.49	7.64	0.49	0	0.49	0.02	0.57	31.2						
0.49	3.08	0.49	327.87	0.49	317.12	0.49	13.8	0.49	13.8	0.49	0	0.49	7.64	0.49	0	0.49	0.02	0.57	31.2						
0.5	2.97	0.5	327.85	0.5	317.07	0.5	13.8	0.5	13.8	0.5	0	0.5	7.64	0.5	0	0.5	0.02	0.58	31.2						
0.5	2.91	0.5	327.83	0.5	317.07	0.5	13.8	0.5	13.8	0.5	0	0.5	7.64	0.5	0	0.5	0.02	0.58	31.2						
0.51	2.89	0.51	327.84	0.51	317.12	0.51	13.8	0.51	13.8	0.51	0	0.51	7.64	0.51	0	0.51	0.02	0.59	31.2						
0.51	2.87	0.51	327.84	0.51	317.17	0.51	13.8	0.51	13.8	0.51	0	0.51	7.64	0.51	0	0.51	0.02	0.59	31.2						
0.51	2.77	0.51	327.74	0.51	317.06	0.51	13.8	0.51	13.8	0.51	0	0.51	7.64	0.51	0	0.51	0.02	0.6	31.2						
0.52	2.66	0.52	327.64	0.52	316.95	0.52	13.8	0.52	13.8	0.52	0	0.52	7.64	0.52	0	0.52	0.02	0.6	31.2						
0.52	2.56	0.52	327.56	0.52	316.88	0.52	13.8	0.52	13.8	0.52	0	0.52	7.64	0.52	0	0.52	0.02	0.61	31.2						
0.53	2.48	0.53	327.53	0.53	316.84	0.53	13.8	0.53	13.8	0.53	0	0.53	7.64	0.53	0	0.53	0.02	0.61	31.2						
0.53	2.4	0.53	327.49	0.53	316.8	0.53	13.8	0.53	13.8	0.53	0	0.53	7.64	0.53	0	0.53	0.02	0.62	31.2						
0.53	2.4	0.53	327.52	0.53	316.82	0.53	13.8	0.53	13.8	0.53	0	0.53	7.64	0.53	0	0.53	0.02	0.62	31.2						
0.54	2.4	0.54	327.55	0.54	316.84	0.54	13.8	0.54	13.8	0.54	0	0.54	7.64	0.54	0	0.54	0.02	0.63	31.2						
0.54	2.4	0.54	327.56	0.54	316.88	0.54	13.8	0.54	13.8	0.54	0	0.54	7.64	0.54	0	0.54	0.02	0.63	31.2						
0.55	2.39	0.55	327.57	0.55	316.94	0.55	13.8	0.55	13.8	0.55	0	0.55	7.64	0.55	0	0.55	0.02	0.63	31.2						
0.55	2.38	0.55	327.57	0.55	316.99	0.55	13.8	0.55	13.8	0.55	0	0.55	7.64	0.55	0	0.55	0.02	0.64	31.2						
0.55	2.31	0.55	327.48	0.55	316.88	0.55	13.8	0.55	13.8	0.55	0	0.55	7.64	0.55	0	0.55	0.02	0.64	31.2						
0.56	2.25	0.56	327.4	0.56	316.77	0.56	13.8	0.56	13.8	0.56	0	0.56	7.64	0.56	0	0.56	0.02	0.65	31.2						
0.56	2.19	0.56	327.35	0.56	316.71	0.56	13.8	0.56	13.8	0.56	0	0.56	7.64	0.56	0	0.56	0.02	0.65	31.2						
0.57	2.12	0.57	327.34	0.57	316.68	0.57	13.8	0.57	13.8	0.57	0	0.57	7.64	0.57	0	0.57	0.02	0.66	31.2						
0.57	2.06	0.57	327.32	0.57	316.66	0.57	13.8	0.57	13.8	0.57	0	0.57	7.64	0.57	0	0.57	0.02	0.66	31.2						
0.57	2.03	0.57	327.32	0.57	316.65	0.57	13.8	0.57	13.8	0.57	0	0.57	7.64	0.57	0	0.57	0.02	0.67	31.2						
0.58	2	0.58	327.32	0.58	316.65	0.58	13.8	0.58	13.8	0.58	0	0.58	7.64	0.58	0	0.58	0.02	0.67	31.2						
0.58	2	0.58	327.33	0.58	316.68	0.58	13.8	0.58	13.8	0.58	0	0.58	7.64	0.58	0	0.58	0.02	0.68	31.2						
0.59	2.02	0.59	327.34	0.59	316.74	0.59	13.79	0.59	13.8	0.59	0	0.59	7.64	0.59	0	0.59	0.02	0.68	31.2						
0.59	2.03	0.59	327.35	0.59	316.8	0.59	13.79	0.59	13.8	0.59	0	0.59	7.64	0.59	0	0.59	0.02	0.69	31.2						
0.59	2.01	0.59	327.32	0.59	316.75	0.59	13.79	0.59	13.8	0.59	0	0.59	7.64	0.59	0	0.59	0.02	0.69	31.2						
0.6	1.99	0.6	327.28	0.6	316.71	0.6	13.79	0.6	13.8	0.6	0	0.6	7.64	0.6	0	0.6	0.02	0.7	31.2						
0.6	1.95	0.6	327.26	0.6	316.66	0.6	13.79	0.6	13.8	0.6	0	0.6	7.64	0.6	0	0.6	0.02	0.7	31.2						
0.61	1.9	0.61	327.24	0.61	316.59	0.61	13.8	0.61	13.8	0.61	0	0.61	7.64	0.61	0	0.61	0.02	0.7	31.2						
0.61	1.85	0.61	327.22	0.61	316.53	0.61	13.8	0.61	13.8	0.61	0	0.61	7.64	0.61	0	0.61	0.02	0.71	31.2						
0.61	1.87	0.61	327.2	0.61	316.55	0.61	13.8	0.61	13.8	0.61	0	0.61	7.64	0.61	0	0.61	0.02	0.71	31.2						
0.62	1.88	0.62	327.18	0.62	316.57	0.62	13.8	0.62	13.8	0.62	0	0.62	7.64	0.62	0	0.62	0.02	0.72	31.2						
0.62	1.87	0.62	327.16	0.62	316.57	0.62	13.8	0.62	13.8	0.62	0	0.62	7.64	0.62	0	0.62	0.02	0.72	31.2						
0.63	1.84	0.63	327.13	0.63	316.56	0.63	13.8	0.63	13.8	0.63	0	0.63	7.64	0.63	0	0.63	0.02	0.73	31.2						
0.63	1.81	0.63	327.11	0.63	316.55	0.63	13.8	0.63	13.8	0.63	0	0.63	7.64	0.63	0	0.63	0.02	0.73	31.2						
0.63	1.81	0.63	327.15	0.63	316.57	0.63	13.8	0.63	13.8	0.63	0	0.63	7.64	0.63	0	0.63	0.02	0.74	31.2						
0.64	1.81	0.64	327.19	0.64	316.59	0.64	13.8	0.64	13.8	0.64	0	0.64	7.64	0.64	0	0.64	0.02	0.74	31.2						
0.64	1.8	0.64	327.19	0.64	316.58	0.64	13.8	0.64	13.8	0.64	0	0.64	7.64	0.64	0	0.64	0.02	0.75	31.2						
0.65	1.8	0.65	327.17	0.65	316.54	0.65	13.8	0.65	13.8	0.65	0	0.65	7.64	0.65	0	0.65	0.02	0.75	31.2						
0.65	1.79	0.65	327.15	0.65	316.52	0.65	13.8	0.65	13.8	0.65	0	0.65	7.64	0.65	0	0.65	0.02	0.76	31.2						
0.65	1.78	0.65	327.14	0.65	316.51	0.65	13.8	0.65	13.8	0.65	0	0.65	7.64	0.65	0	0.65	0.02	0.76	31.2						
0.66	1.77	0.66	327.13	0.66	316.51	0.66	13.8	0.66	13.8	0.66	0	0.66	7.64	0.66	0	0.66	0.02	0.77	31.2						
0.66	1.76	0.66	327.13	0.66	316.49	0.66	13.8	0.66	13.8	0.66	0	0.66	7.64	0.66	0	0.66	0.02	0.77	31.2						
0.67	1.76	0.67	327.13	0.67	316.45	0.67	13.8	0.67	13.8	0.67	0	0.67	7.64	0.67	0	0.67	0.02	0.77	31.2						
0.67	1.75	0.67	327.14	0.67	316.43	0.67	13.8	0.67	13.8	0.67	0	0.67	7.64	0.67	0	0.67	0.02	0.78	31.2						
0.67	1.76	0.67	327.16	0.67	316.5	0.67	13.8	0.67	13.8	0.67	0	0.67	7.64	0.67	0	0.67	0.02	0.78	31.2						
0.68	1.77	0.68	327.18	0.68	316.56	0.68	13.8	0.68	13.8	0.68	0	0.68	7.64	0.68	0	0.68	0.02	0.79	31.2						
0.68	1.78	0.68	327.18	0.68	316.58	0.68	13.8	0.68	13.8	0.68	0	0.68	7.64	0.68	0	0.68	0.02	0.79	31.2						
0.69	1.79	0.69	327.16	0.69	316.57	0.69	13.8	0.69	13.8	0.69	0	0.69	7.64	0.69	0	0.69	0.02	0.8	31.2						
0.69	1.8	0.69	327.15	0.69	316.55	0.69	13.8	0.69	13.8	0.69	0	0.69	7.64	0.69	0	0.69	0.02	0.8	31.2						
0.69	1.78	0.69	327.15	0.69	316.53	0.69	13.8	0.69	13.8	0.69	0	0.69	7.64	0.69	0	0.69	0.02	0.81	31.2						
0.7	1.76	0.7	327.15	0.7	316.51	0.7	13.8	0.7	13.8	0.7	0	0.7	7.64	0.7	0	0.7	0.02	0.81	31.2						
0.7	1.76	0.7	327.16	0.7	316.52	0.7	13.8	0.7	13.8	0.7	0	0.7	7.64	0.7	0	0.7	0.02	0.82	31.3						
0.71	1.76	0.71	327.18	0.71	316.54	0.71	13.8	0.71	13.8	0.71	0	0.71	7.64	0.71	0	0.71	0.02	0.82	31.3						
0.71	1.76	0.71	327.19	0.71	316.56	0.71	13.8	0.71	13.8	0.71	0	0.71	7.64	0.71	0	0.71	0.02	0.83	31.3						
0.71	1.78	0.71	327.18	0.71	316.57	0.71	13.8	0.71	13.8	0.71	0	0.71	7.64	0.71	0	0.71	0.02	0.83	31.3						
0.72	1.8	0.72	327.16	0.72	316.59	0.72	13.8	0.72	13.8	0.72	0	0.72	7.64	0.72	0	0.72	0.02	0.84	31.3						
0.72	1.8	0.72	327.16	0.72	316.56	0.72	13.8	0.72	13.8	0.72	0	0.72	7.64	0.72	0	0.72	0.02	0.84	31.3						
0.73	1.78	0.73	327.17	0.73	316.52	0.73	13.8	0.73	13.8	0.73	0	0.73	7.64	0.73	0	0.73	0.02	0.84	31.3						
0.73	1.77	0.73	327.18	0.73	316.49	0.73	13.8	0.73	13.8	0.73	0	0.73	7.64	0.73	0	0.73	0.02	0.85	31.3						
0.73	1.77	0.73	327.17	0.73	316.47	0.73	13.8	0.73	13.8	0.73	0	0.73	7.64	0.73	0	0.73	0.02	0.85	31.3						
0.74	1.77	0.74	327.17	0.74	316.45	0.74	13.8	0.74	13.8	0.74	0	0.74	7.64	0.74	0	0.74	0.02	0.86	31.3						
0.74	1.75	0.74	327.16	0.74	316.45	0.74	13.8	0.74	13.8	0.74	0	0.74	7.64	0.74	0	0.74	0.02	0.86	31.3						
0.75	1.72	0.75	327.13	0.75	316.46	0.75	13.8	0.75	13.8	0.75	0	0.75	7.64	0.75	0	0.75	0.02	0.87	31.3						
0.75	1.71	0.75	327.13	0.75	316.48	0.75	13.8	0.75	13.8	0.75	0	0.75	7.64	0.75	0	0.75	0.02	0.87	31.3						
0.75	1.77	0.75	327.21	0.75	316.58	0.75	13.8	0.75	13.8	0.75	0	0.75	7.64	0.75	0	0.75	0.02	0.88	31.3						
0.76	1.83	0.76	327.29	0.76	316.67	0.76	13.8	0.76	13.8	0.76	0	0.76	7.64	0.76	0	0.76	0.02	0.88	31.3						
0.76	1.81	0.76	327.25	0.76	316.64	0.76	13.8	0.76	13.8	0.76	0	0.76	7.64	0.76	0	0.76	0.02	0.89	31.3						
0.77	1.77	0.77	327.15	0.77	316.55	0.77	13.8	0.77	13.8	0.77	0	0.77	7.64	0.77	0	0.77	0.02	0.89	31.3						
0.77	1.72	0.77	327.07	0.77	316.47	0.77	13.8	0.77	13.8	0.77	0	0.77	7.64	0.77	0	0.77	0.02	0.9	31.3						
0.77	1.71	0.77	327.06	0.77	316.43	0.77	13.8	0.77	13.8	0.77	0	0.77	7.64	0.77	0	0.77	0.02	0.9	31.3						
0.78	1.7	0.78	327.05	0.78	316.39	0.78	13.8	0.78	13.8	0.78	0	0.78	7.64	0.78	0	0.78	0.02	0.91	31.3						
0.78	1.89	0.78	327.05	0.78	316.38	0.78	13.8	0.78	13.8	0.78	0	0.78	7.64	0.78	0	0.78	0.02	0.91	31.3						
0.79	2.15	0.79	327.05	0.79	316.39	0.79	13.8	0.79	13.8	0.79	0	0.79	7.64	0.79	0	0.79	0.02	0.92	31.3						
0.79	2.95	0.79	327.06	0.79	316.4	0.79	13.8	0.79	13.8	0.79	0	0.79	7.64	0.79	0	0.79	0.02	0.92	31.3						
0.79	5.6	0.79	327.1	0.79	316.44	0.79	13.8	0.79	13.8	0.79	0	0.79	7.64	0.79	0	0.79	0.02	0.92	31.3						
0.8	8.24	0.8	327.14	0.8	316.48	0.8	13.8	0.8	13.8	0.8	0	0.8	7.64	0.8	0	0.8	0.02	0.93	31.3						
0.8	12.37	0.8	327.16	0.8	316.47	0.8	13.8	0.8	13.8	0.8	0	0.8	7.64	0.8	0	0.8	0.02	0.93	31.3						
0.81	17.05	0.81	327.16	0.81	316.43	0.81	13.8	0.81	13.8	0.81	0	0.81	7.64	0.81	0	0.81	0.02	0.94	31.3						
0.81	21.46	0.81	327.16	0.81	316.42	0.81	13.8	0.81	13.8	0.81	0	0.81	7.64	0.81	0	0.81	0.02	0.94	31.3						
0.81	25.04	0.81	327.14	0.81	316.47	0.81	13.8	0.81	13.8	0.81	0	0.81	7.64	0.81	0	0.81	0.02	0.95	31.3						
0.82	28.61	0.82	327.11	0.82	316.52	0.82	13.8	0.82	13.8	0.82	0	0.82	7.64	0.82	0	0.82	0.02	0.95	31.3						
0.82	30.31	0.82	327.13	0.82	316.53	0.82	13.8	0.82	13.8	0.82	0	0.82	7.64	0.82	0	0.82	0.02	0.96	31.3						
0.83	31.38	0.83	327.15	0.83	316.52	0.83	13.8	0.83	13.8	0.83	0	0.83	7.64	0.83	0	0.83	0.02	0.96	31.3						
0.83	32.3	0.83	327.19	0.83	316.53	0.83	13.8	0.83	13.8	0.83	0	0.83	7.64	0.83	0	0.83	0.02	0.97	31.3						
0.83	32.8	0.83	327.25	0.83	316.59	0.83	13.79	0.83	13.8	0.83	0	0.83	7.64	0.83	0	0.83	0.02	0.97	31.3						
0.84	33.3	0.84	327.31	0.84	316.65	0.84	13.79	0.84	13.8	0.84	0	0.84	7.64	0.84	0	0.84	0.02	0.98	31.3						
0.84	33.1	0.84	327.26	0.84	316.6	0.84	13.79	0.84	13.8	0.84	0	0.84	7.64	0.84	0	0.84	0.02	0.98	31.3						
0.85	32.69	0.85	327.17	0.85	316.52	0.85	13.79	0.85	13.8	0.85	0	0.85	7.64	0.85	0	0.85	0.02	0.99	31.3						
0.85	32.28	0.85	327.12	0.85	316.46	0.85	13.79	0.85	13.8	0.85	0	0.85	7.64	0.85	0	0.85	0.02	0.99	31.3						
0.85	31.91	0.85	327.18	0.85	316.43	0.85	13.79	0.85	13.8	0.85	0	0.85	7.64	0.85	0	0.85	0.02	0.99	31.3						
0.86	31.53	0.86	327.25	0.86	316.39	0.86	13.79	0.86	13.8	0.86	0	0.86	7.64	0.86	0	0.86	0.02	1	31.3						
0.86	31.15	0.86	327.25	0.86	316.43	0.86	13.79	0.86	13.8	0.86	0	0.86	7.64	0.86	0	0.86	0.02	1	31.3						
0.87	30.76	0.87	327.23	0.87	316.48	0.87	13.79	0.87	13.8	0.87	0	0.87	7.64	0.87	0	0.87	0.02	1.01	31.3						
0.87	30.39	0.87	327.23	0.87	316.53	0.87	13.79	0.87	13.8	0.87	0	0.87	7.64	0.87	0	0.87	0.02	1.01	31.3						
0.88	30.06	0.88	327.28	0.88	316.59	0.87	13.79	0.87	13.8	0.87	0	0.87	7.64	0.87	0	0.87	0.02	1.02	31.3						
0.88	29.73	0.88	327.32	0.88	316.64	0.88	13.79	0.88	13.8	0.88	0	0.88	7.64	0.88	0	0.88	0.02	1.02	31.3						
0.88	29.34	0.88	327.3	0.88	316.61	0.88	13.79	0.88	13.8	0.88	0	0.88	7.64	0.88	0	0.88	0.02	1.03	31.3						
0.89	28.93	0.89	327.26	0.89	316.55	0.89	13.8	0.89	13.8	0.89	0	0.89	7.64	0.89	0	0.89	0.02	1.03	31.3						
0.89	28.49	0.89	327.24	0.89	316.52	0.89	13.8	0.89	13.8	0.89	0	0.89	7.64	0.89	0	0.89	0.02	1.04	31.3						
0.9	27.97	0.9	327.25	0.9	316.53	0.89	13.8	0.89	13.8	0.89	0	0.89	7.64	0.89	0	0.89	0.02	1.04	31.3						
0.9	27.44	0.9	327.25	0.9	316.55	0.9	13.8	0.9	13.8	0.9	0	0.9	7.64	0.9	0	0.9	0.02	1.05	31.3						
0.9	26.83	0.9	327.28	0.9	316.53	0.9	13.8	0.9	13.8	0.9	0	0.9	7.64	0.9	0	0.9	0.02	1.05	31.3						
0.91	26.21	0.91	327.3	0.91	316.52	0.91	13.8	0.91	13.8	0.91	0	0.91	7.64	0.91	0	0.91	0.02	1.06	31.3						
0.91	25.61	0.91	327.34	0.91	316.54	0.91	13.8	0.91	13.8	0.91	0	0.91	7.64	0.91	0	0.91	0.02	1.06	31.3						
0.92	25.07	0.92	327.4	0.92	316.64	0.91	13.8	0.91	13.8	0.91	0	0.91	7.64	0.91	0	0.91	0.02	1.06	31.3						
0.92	24.53	0.92	327.46	0.92	316.74	0.92	13.8	0.92	13.8	0.92	0	0.92	7.64	0.92	0	0.92	0.02	1.07	31.3						
0.92	23.96	0.92	327.49	0.92	316.74	0.92	13.8	0.92	13.8	0.92	0	0.92	7.64	0.92	0	0.92	0.02	1.07	31.3						
0.93	23.38	0.93	327.51	0.93	316.72	0.93	13.8	0.93	13.8	0.93	0	0.93	7.64	0.93	0	0.93	0.02	1.08	31.3						
0.93	22.75	0.93	327.53	0.93	316.71	0.93	13.8	0.93	13.8	0.93	0	0.93	7.64	0.93	0	0.93	0.02	1.08	31.3						
0.94	22.04	0.94	327.56	0.94	316.71	0.93	13.8	0.93	13.8	0.93	0	0.93	7.64	0.93	0	0.93	0.02	1.09	31.3						
0.94	21.33	0.94	327.59	0.94	316.72	0.94	13.8	0.94	13.8	0.94	0	0.94	7.64	0.94	0	0.94	0.02	1.09	31.3						
0.94	20.45	0.94	327.54	0.94	316.69	0.94	13.8	0.94	13.8	0.94	0	0.94	7.64	0.94	0	0.94	0.02	1.1	31.3						
0.95	19.54	0.95	327.48	0.95	316.65	0.95	13.8	0.95	13.8	0.95	0	0.95	7.64	0.95	0	0.95	0.02	1.1	31.3						
0.95	18.63	0.95	327.43	0.95	316.63	0.95	13.8	0.95	13.8	0.95	0	0.95	7.64	0.95	0	0.95	0.02	1.11	31.3						
0.96	17.73	0.96	327.41	0.96	316.64	0.96	13.8	0.96	13.8	0.96	0	0.96	7.64	0.96	0	0.96	0.02	1.11	31.3						
0.96	16.84	0.96	327.39	0.96	316.66	0.96	13.8	0.96	13.8	0.96	0	0.96	7.64	0.96	0	0.96	0.02	1.12	31.3						
0.96	16.09	0.96	327.39	0.96	316.65	0.96	13.8	0.96	13.8	0.96	0	0.96	7.64	0.96	0	0.96	0.02	1.12	31.3						
0.97	15.37	0.97	327.4	0.97	316.63	0.97	13.8	0.97	13.8	0.97	0	0.97	7.64	0.97	0	0.97	0.02	1.13	31.3						
0.97	14.67	0.97	327.38	0.97	316.6	0.97	13.8	0.97	13.8	0.97	0	0.97	7.64	0.97	0	0.97	0.02	1.13	31.3						
0.98	13.99	0.98	327.32	0.98	316.53	0.98	13.8	0.98	13.8	0.98	0	0.98	7.64	0.98	0	0.98	0.02	1.13	31.3						
0.98	13.32	0.98	327.26	0.98	316.47	0.98	13.8	0.98	13.8	0.98	0	0.98	7.64	0.98	0	0.98	0.02	1.14	31.3						
0.98	12.8	0.98	327.23	0.98	316.46	0.98	13.8	0.98	13.8	0.98	0	0.98	7.64	0.98	0	0.98	0.02	1.14	31.3						
0.99	12.29	0.99	327.2	0.99	316.45	0.99	13.8	0.99	13.8	0.99	0	0.99	7.64	0.99	0	0.99	0.02	1.15	31.3						
0.99	11.83	0.99	327.19	0.99	316.46	0.99	13.8	0.99	13.8	0.99	0	0.99	7.64	0.99	0	0.99	0.02	1.15	31.3						
1	11.42	1	327.21	1	316.5	1	13.8	1	13.8	1	0	1	7.64	1	0	1	0.02	1.16	31.3						
1	11.02	1	327.22	1	316.54	1	13.8	1	13.8	1	0	1	7.64	1	0	1	0.02	1.16	31.3						
1	10.68	1	327.2	1	316.55	1	13.8	1	13.8	1	0	1	7.64	1	0	1	0.02	1.17	31.3						
1.01	10.35	1.01	327.17	1.01	316.56	1.01	13.8	1.01	13.8	1.01	0	1.01	7.64	1.01	0	1.01	0.02	1.17	31.3						
1.01	10	1.01	327.13	1.01	316.53	1.01	13.8	1.01	13.8	1.01	0	1.01	7.64	1.01	0	1.01	0.02	1.18	31.3						
1.02	9.65	1.02	327.09	1.02	316.44	1.02	13.8	1.02	13.8	1.02	0	1.02	7.64	1.02	0	1.02	0.02	1.18	31.3						
1.02	9.29	1.02	327.05	1.02	316.35	1.02	13.8	1.02	13.8	1.02	0	1.02	7.64	1.02	0	1.02	0.02	1.19	31.3						
1.02	9.06	1.02	327.05	1.02	316.33	1.02	13.8	1.02	13.8	1.02	0	1.02	7.64	1.02	0	1.02	0.02	1.19	31.3						
1.03	8.85	1.03	327.05	1.03	316.31	1.03	13.8	1.03	13.8	1.03	0	1.03	7.64	1.03	0	1.03	0.02	1.2	31.3						
1.03	8.65	1.03	327.06	1.03	316.32	1.03	13.8	1.03	13.8	1.03	0	1.03	7.64	1.03	0	1.03	0.02	1.2	31.3						
1.04	8.48	1.04	327.09	1.04	316.36	1.04	13.8	1.04	13.8	1.04	0	1.04	7.64	1.04	0	1.04	0.02	1.2	31.3						
1.04	8.31	1.04	327.13	1.04	316.4	1.04	13.8	1.04	13.8	1.04	0	1.04	7.64	1.04	0	1.04	0.02	1.21	31.3						
1.04	8.13	1.04	327.11	1.04	316.41	1.04	13.8	1.04	13.8	1.04	0	1.04	7.64	1.04	0	1.04	0.02	1.21	31.3						
1.05	7.94	1.05	327.09	1.05	316.42	1.05	13.8	1.05	13.8	1.05	0	1.05	7.64	1.05	0	1.05	0.02	1.22	31.3						
1.05	7.78	1.05	327.07	1.05	316.42	1.05	13.8	1.05	13.8	1.05	0	1.05	7.64	1.05	0	1.05	0.02	1.22	31.3						
1.06	7.66	1.06	327.04	1.06	316.4	1.06	13.8	1.06	13.8	1.06	0	1.06	7.64	1.06	0	1.06	0.02	1.23	31.3						
1.06	7.53	1.06	327.02	1.06	316.39	1.06	13.8	1.06	13.8	1.06	0	1.06	7.64	1.06	0	1.06	0.02	1.23	31.3						
1.06	7.42	1.06	327.01	1.06	316.37	1.06	13.8	1.06	13.8	1.06	0	1.06	7.64	1.06	0	1.06	0.02	1.24	31.3						
1.07	7.31	1.07	327	1.07	316.36	1.07	13.8	1.07	13.8	1.07	0	1.07	7.64	1.07	0	1.07	0.02	1.24	31.3						
1.07	7.19	1.07	327.02	1.07	316.35	1.07	13.8	1.07	13.8	1.07	0	1.07	7.64	1.07	0	1.07	0.02	1.25	31.3						
1.08	7.06	1.08	327.08	1.08	316.34	1.08	13.8	1.08	13.8	1.08	0	1.08	7.64	1.08	0	1.08	0.02	1.25	31.3						
1.08	6.92	1.08	327.13	1.08	316.33	1.08	13.8	1.08	13.8	1.08	0	1.08	7.64	1.08	0	1.08	0.02	1.26	31.3						
1.08	6.88	1.08	327.12	1.08	316.37	1.08	13.8	1.08	13.8	1.08	0	1.08	7.64	1.08	0	1.08	0.02	1.26	31.3						
1.09	6.85	1.09	327.1	1.09	316.41	1.09	13.8	1.09	13.8	1.09	0	1.09	7.64	1.09	0	1.09	0.02	1.27	31.3						
1.09	6.77	1.09	327.06	1.09	316.4	1.09	13.8	1.09	13.8	1.09	0	1.09	7.64	1.09	0	1.09	0.02	1.27	31.3						
1.1	6.66	1.1	327.02	1.1	316.35	1.1	13.8	1.1	13.8	1.1	0	1.1	7.64	1.1	0	1.1	0.02	1.27	31.3						
1.1	6.55	1.1	326.97	1.1	316.29	1.1	13.8	1.1	13.8	1.1	0	1.1	7.64	1.1	0	1.1	0.02	1.28	31.3						
1.1	6.5	1.1	327	1.1	316.33	1.1	13.8	1.1	13.8	1.1	0	1.1	7.64	1.1	0	1.1	0.02	1.28	31.3						
1.11	6.44	1.11	327.02	1.11	316.37	1.11	13.8	1.11	13.8	1.11	0	1.11	7.64	1.11	0	1.11	0.02	1.29	31.3						
1.11	6.38	1.11	327.04	1.11	316.37	1.11	13.8	1.11	13.8	1.11	0	1.11	7.64	1.11	0	1.11	0.02	1.29	31.3						
1.12	6.31	1.12	327.04	1.12	316.32	1.12	13.8	1.12	13.8	1.12	0	1.12	7.64	1.12	0	1.12	0.02	1.3	31.3						
1.12	6.25	1.12	327.04	1.12	316.27	1.12	13.8	1.12	13.8	1.12	0	1.12	7.64	1.12	0	1.12	0.02	1.3	31.3						
1.12	6.22	1.12	327.04	1.12	316.31	1.12	13.8	1.12	13.8	1.12	0	1.12	7.64	1.12	0	1.12	0.02	1.31	31.3						
1.13	6.2	1.13	327.04	1.13	316.34	1.13	13.8	1.13	13.8	1.13	0	1.13	7.64	1.13	0	1.13	0.02	1.31	31.3						
1.13	6.17	1.13	327.04	1.13	316.35	1.13	13.8	1.13	13.8	1.13	0	1.13	7.64	1.13	0	1.13	0.02	1.32	31.3						
1.14	6.12	1.14	327.06	1.14	316.35	1.14	13.8	1.14	13.8	1.14	0	1.14	7.64	1.14	0	1.14	0.02	1.32	31.3						
1.14	6.07	1.14	327.07	1.14	316.34	1.14	13.8	1.14	13.8	1.14	0	1.14	7.64	1.14	0	1.14	0.02	1.33	31.3						
1.14	6.01	1.14	327.05	1.14	316.31	1.14	13.8	1.14	13.8	1.14	0	1.14	7.64	1.14	0	1.14	0.02	1.33	31.3						
1.15	5.95	1.15	327.02	1.15	316.29	1.15	13.8	1.15	13.8	1.15	0	1.15	7.64	1.15	0	1.15	0.02	1.34	31.3						
1.15	5.89	1.15	327.02	1.15	316.28	1.15	13.8	1.15	13.8	1.15	0	1.15	7.64	1.15	0	1.15	0.02	1.34	31.3						
1.16	5.82	1.16	327.02	1.16	316.29	1.16	13.8	1.16	13.8	1.16	0	1.16	7.64	1.16	0	1.16	0.02	1.34	31.3						
1.16	5.76	1.16	327.03	1.16	316.3	1.16	13.8	1.16	13.8	1.16	0	1.16	7.64	1.16	0	1.16	0.02	1.35	31.3						
1.16	5.75	1.16	327.05	1.16	316.38	1.16	13.8	1.16	13.8	1.16	0	1.16	7.64	1.16	0	1.16	0.02	1.35	31.3						
1.17	5.75	1.17	327.07	1.17	316.45	1.17	13.8	1.17	13.8	1.17	0	1.17	7.64	1.17	0	1.17	0.02	1.36	31.3						
1.17	5.71	1.17	327.05	1.17	316.43	1.17	13.8	1.17	13.8	1.17	0	1.17	7.64	1.17	0	1.17	0.02	1.36	31.3						
1.18	5.64	1.18	327	1.18	316.33	1.18	13.8	1.18	13.8	1.18	0	1.18	7.64	1.18	0	1.18	0.02	1.37	31.3						
1.18	5.58	1.18	326.96	1.18	316.24	1.18	13.8	1.18	13.8	1.18	0	1.18	7.64	1.18	0	1.18	0.02	1.37	31.3						
1.18	5.55	1.18	326.96	1.18	316.26	1.18	13.8	1.18	13.8	1.18	0	1.18	7.64	1.18	0	1.18	0.02	1.38	31.3						
1.19	5.52	1.19	326.97	1.19	316.28	1.19	13.8	1.19	13.8	1.19	0	1.19	7.64	1.19	0	1.19	0.02	1.38	31.3						
1.19	5.47	1.19	326.95	1.19	316.28	1.19	13.8	1.19	13.8	1.19	0	1.19	7.64	1.19	0	1.19	0.02	1.39	31.3						
1.2	5.4	1.2	326.93	1.2	316.25	1.2	13.8	1.2	13.8	1.2	0	1.2	7.64	1.2	0	1.2	0.02	1.39	31.3						
1.2	5.34	1.2	326.91	1.2	316.23	1.2	13.8	1.2	13.8	1.2	0	1.2	7.64	1.2	0	1.2	0.02	1.4	31.3						
1.2	5.34	1.2	326.95	1.2	316.3	1.2	13.8	1.2	13.8	1.2	0	1.2	7.64	1.2	0	1.2	0.02	1.4	31.3						
1.21	5.34	1.21	326.99	1.21	316.37	1.21	13.8	1.21	13.8	1.21	0	1.21	7.64	1.21	0	1.21	0.02	1.41	31.3						
1.21	5.32	1.21	326.99	1.21	316.39	1.21	13.8	1.21	13.8	1.21	0	1.21	7.64	1.21	0	1.21	0.02	1.41	31.3						
1.22	5.29	1.22	326.97	1.22	316.37	1.22	13.8	1.22	13.8	1.22	0	1.22	7.64	1.22	0	1.22	0.02	1.41	31.3						
1.22	5.26	1.22	326.95	1.22	316.35	1.22	13.8	1.22	13.8	1.22	0	1.22	7.64	1.22	0	1.22	0.02	1.42	31.3						
1.22	5.22	1.22	326.92	1.22	316.29	1.22	13.8	1.22	13.8	1.22	0	1.22	7.64	1.22	0	1.22	0.02	1.42	31.3						
1.23	5.19	1.23	326.88	1.23	316.23	1.23	13.8	1.23	13.8	1.23	0	1.23	7.64	1.23	0	1.23	0.02	1.43	31.3						
1.23	5.16	1.23	326.88	1.23	316.21	1.23	13.8	1.23	13.8	1.23	0	1.23	7.64	1.23	0	1.23	0.02	1.43	31.3						
1.24	5.14	1.24	326.89	1.24	316.22	1.24	13.8	1.24	13.8	1.24	0	1.24	7.64	1.24	0	1.24	0.02	1.44	31.3						
1.24	5.13	1.24	326.91	1.24	316.23	1.24	13.8	1.24	13.8	1.24	0	1.24	7.64	1.24	0	1.24	0.02	1.44	31.3						
1.24	5.14	1.24	326.92	1.24	316.29	1.24	13.8	1.24	13.8	1.24	0	1.24	7.64	1.24	0	1.24	0.02	1.45	31.3						
1.25	5.15	1.25	326.94	1.25	316.34	1.25	13.8	1.25	13.8	1.25	0	1.25	7.64	1.25	0	1.25	0.02	1.45	31.3						
1.25	5.13	1.25	326.95	1.25	316.32	1.25	13.8	1.25	13.8	1.25	0	1.25	7.64	1.25	0	1.25	0.02	1.46	31.3						
1.26	5.09	1.26	326.96	1.26	316.25	1.26	13.8	1.26	13.8	1.26	0	1.26	7.64	1.26	0	1.26	0.02	1.46	31.3						
1.26	5.04	1.26	326.96	1.26	316.19	1.26	13.8	1.26	13.8	1.26	0	1.26	7.64	1.26	0	1.26	0.02	1.47	31.3						
1.26	5.01	1.26	326.95	1.26	316.19	1.26	13.8	1.26	13.8	1.26	0	1.26	7.64	1.26	0	1.26	0.02	1.47	31.3						
1.27	4.98	1.27	326.94	1.27	316.19	1.27	13.8	1.27	13.8	1.27	0	1.27	7.64	1.27	0	1.27	0.02	1.48	31.3						
1.27	4.98	1.27	326.92	1.27	316.2	1.27	13.8	1.27	13.8	1.27	0	1.27	7.64	1.27	0	1.27	0.02	1.48	31.3						
1.28	4.98	1.28	326.89	1.28	316.22	1.28	13.79	1.28	13.8	1.28	0	1.28	7.64	1.28	0	1.28	0.02	1.48	31.3						
1.28	4.99	1.28	326.87	1.28	316.24	1.28	13.79	1.28	13.8	1.28	0	1.28	7.64	1.28	0	1.28	0.02	1.49	31.3						
1.28	4.99	1.28	326.9	1.28	316.28	1.28	13.79	1.28	13.8	1.28	0	1.28	7.64	1.28	0	1.28	0.02	1.49	31.3						
1.29	5	1.29	326.93	1.29	316.32	1.29	13.79	1.29	13.8	1.29	0	1.29	7.64	1.29	0	1.29	0.02	1.5	31.3						
1.29	4.98	1.29	326.93	1.29	316.28	1.29	13.79	1.29	13.8	1.29	0	1.29	7.64	1.29	0	1.29	0.02	1.5	31.3						
1.3	4.95	1.3	326.91	1.3	316.19	1.3	13.79	1.3	13.8	1.3	0	1.3	7.64	1.3	0	1.3	0.02	1.51	31.3						
1.3	4.92	1.3	326.89	1.3	316.13	1.3	13.79	1.3	13.8	1.3	0	1.3	7.64	1.3	0	1.3	0.02	1.51	31.3						
1.3	4.91	1.3	326.88	1.3	316.14	1.3	13.79	1.3	13.8	1.3	0	1.3	7.64	1.3	0	1.3	0.02	1.52	31.4						
1.31	4.89	1.31	326.87	1.31	316.15	1.31	13.79	1.31	13.8	1.31	0	1.31	7.64	1.31	0	1.31	0.02	1.52	31.4						
1.31	4.9	1.31	326.88	1.31	316.17	1.31	13.79	1.31	13.8	1.31	0	1.31	7.64	1.31	0	1.31	0.02	1.53	31.4						
1.32	4.92	1.32	326.9	1.32	316.2	1.32	13.79	1.32	13.8	1.32	0	1.32	7.64	1.32	0	1.32	0.02	1.53	31.4						
1.32	4.94	1.32	326.92	1.32	316.23	1.32	13.79	1.32	13.8	1.32	0	1.32	7.64	1.32	0	1.32	0.02	1.54	31.4						
1.32	4.96	1.32	326.95	1.32	316.25	1.32	13.79	1.32	13.8	1.32	0	1.32	7.64	1.32	0	1.32	0.02	1.54	31.4						
1.33	4.98	1.33	326.99	1.33	316.27	1.33	13.79	1.33	13.8	1.33	0	1.33	7.64	1.33	0	1.33	0.02	1.55	31.4						
1.33	4.99	1.33	326.98	1.33	316.25	1.33	13.79	1.33	13.8	1.33	0	1.33	7.64	1.33	0	1.33	0.02	1.55	31.4						
1.34	4.98	1.34	326.95	1.34	316.21	1.34	13.79	1.34	13.8	1.34	0	1.34	7.64	1.34	0	1.34	0.02	1.55	31.4						
1.34	4.98	1.34	326.92	1.34	316.18	1.34	13.79	1.34	13.8	1.34	0	1.34	7.64	1.34	0	1.34	0.02	1.56	31.4						
1.34	5.02	1.34	326.93	1.34	316.21	1.34	13.79	1.34	13.8	1.34	0	1.34	7.64	1.34	0	1.34	0.02	1.56	31.4						
1.35	5.07	1.35	326.94	1.35	316.24	1.35	13.79	1.35	13.8	1.35	0	1.35	7.64	1.35	0	1.35	0.02	1.57	31.4						
1.35	5.16	1.35	326.96	1.35	316.26	1.35	13.79	1.35	13.8	1.35	0	1.35	7.64	1.35	0	1.35	0.02	1.57	31.4						
1.36	5.27	1.36	326.99	1.36	316.27	1.36	13.79	1.36	13.8	1.36	0	1.36	7.64	1.36	0	1.36	0.02	1.58	31.4						
1.36	5.37	1.36	327.02	1.36	316.29	1.36	13.79	1.36	13.8	1.36	0	1.36	7.64	1.36	0	1.36	0.02	1.58	31.4						
1.36	5.45	1.36	327.03	1.36	316.36	1.36	13.79	1.36	13.8	1.36	0	1.36	7.64	1.36	0	1.36	0.02	1.59	31.4						
1.37	5.52	1.37	327.04	1.37	316.42	1.37	13.79	1.37	13.8	1.37	0	1.37	7.64	1.37	0	1.37	0.02	1.59	31.4						
1.37	5.62	1.37	327.04	1.37	316.41	1.37	13.79	1.37	13.8	1.37	0	1.37	7.64	1.37	0	1.37	0.02	1.6	31.4						
1.38	5.73	1.38	327.04	1.38	316.38	1.38	13.79	1.38	13.8	1.38	0	1.38	7.64	1.38	0	1.38	0.02	1.6	31.4						
1.38	5.84	1.38	327.03	1.38	316.35	1.38	13.79	1.38	13.8	1.38	0	1.38	7.64	1.38	0	1.38	0.02	1.61	31.4						
1.38	5.95	1.38	327	1.38	316.29	1.38	13.79	1.38	13.8	1.38	0	1.38	7.64	1.38	0	1.38	0.02	1.61	31.4						
1.39	6.07	1.39	326.97	1.39	316.23	1.39	13.79	1.39	13.8	1.39	0	1.39	7.64	1.39	0	1.39	0.02	1.62	31.4						
1.39	6.25	1.39	327.01	1.39	316.25	1.39	13.79	1.39	13.8	1.39	0	1.39	7.64	1.39	0	1.39	0.02	1.62	31.4						
1.4	6.45	1.4	327.07	1.4	316.3	1.4	13.79	1.4	13.8	1.4	0	1.4	7.64	1.4	0	1.4	0.02	1.62	31.4						
1.4	6.66	1.4	327.12	1.4	316.36	1.4	13.79	1.4	13.8	1.4	0	1.4	7.64	1.4	0	1.4	0.02	1.63	31.4						
1.4	6.87	1.4	327.16	1.4	316.42	1.4	13.79	1.4	13.8	1.4	0	1.4	7.64	1.4	0	1.4	0.02	1.63	31.4						
1.41	7.09	1.41	327.2	1.41	316.49	1.41	13.79	1.41	13.8	1.41	0	1.41	7.64	1.41	0	1.41	0.02	1.64	31.4						
1.41	7.29	1.41	327.2	1.41	316.47	1.41	13.79	1.41	13.8	1.41	0	1.41	7.64	1.41	0	1.41	0.02	1.64	31.4						
1.42	7.48	1.42	327.17	1.42	316.42	1.42	13.8	1.42	13.8	1.42	0	1.42	7.64	1.42	0	1.42	0.02	1.65	31.4						
1.42	7.67	1.42	327.16	1.42	316.37	1.42	13.8	1.42	13.8	1.42	0	1.42	7.64	1.42	0	1.42	0.02	1.65	31.4						
1.42	7.88	1.42	327.16	1.42	316.31	1.42	13.8	1.42	13.8	1.42	0	1.42	7.64	1.42	0	1.42	0.02	1.66	31.4						
1.43	8.08	1.43	327.16	1.43	316.26	1.43	13.8	1.43	13.8	1.43	0	1.43	7.64	1.43	0	1.43	0.02	1.66	31.4						
1.43	8.21	1.43	327.15	1.43	316.29	1.43	13.8	1.43	13.8	1.43	0	1.43	7.64	1.43	0	1.43	0.02	1.67	31.4						
1.44	8.33	1.44	327.15	1.44	316.34	1.44	13.8	1.44	13.8	1.44	0	1.44	7.64	1.44	0	1.44	0.02	1.67	31.4						
1.44	8.45	1.44	327.15	1.44	316.39	1.44	13.8	1.44	13.8	1.44	0	1.44	7.64	1.44	0	1.44	0.02	1.68	31.4						
1.44	8.58	1.44	327.18	1.44	316.41	1.44	13.8	1.44	13.8	1.44	0	1.44	7.64	1.44	0	1.44	0.02	1.68	31.4						
1.45	8.71	1.45	327.21	1.45	316.44	1.45	13.8	1.45	13.8	1.45	0	1.45	7.64	1.45	0	1.45	0.02	1.69	31.4						
1.45	8.79	1.45	327.25	1.45	316.43	1.45	13.8	1.45	13.8	1.45	0	1.45	7.64	1.45	0	1.45	0.02	1.69	31.4						
1.46	8.87	1.46	327.28	1.46	316.41	1.46	13.8	1.46	13.8	1.46	0	1.46	7.64	1.46	0	1.46	0.02	1.69	31.4						
1.46	8.95	1.46	327.31	1.46	316.41	1.46	13.8	1.46	13.8	1.46	0	1.46	7.64	1.46	0	1.46	0.02	1.7	31.4						
1.47	9.06	1.47	327.33	1.47	316.44	1.46	13.8	1.46	13.8	1.46	0	1.46	7.64	1.46	0	1.46	0.02	1.7	31.4						
1.47	9.16	1.47	327.34	1.47	316.48	1.47	13.8	1.47	13.8	1.47	0	1.47	7.64	1.47	0	1.47	0.02	1.71	31.4						
1.47	9.26	1.47	327.35	1.47	316.51	1.47	13.8	1.47	13.8	1.47	0	1.47	7.64	1.47	0	1.47	0.02	1.71	31.4						
1.48	9.36	1.48	327.35	1.48	316.54	1.48	13.8	1.48	13.8	1.48	0	1.48	7.64	1.48	0	1.48	0.02	1.72	31.4						
1.48	9.49	1.48	327.38	1.48	316.58	1.48	13.8	1.48	13.8	1.48	0	1.48	7.64	1.48	0	1.48	0.02	1.72	31.4						
1.49	9.71	1.49	327.45	1.49	316.65	1.48	13.8	1.48	13.8	1.48	0	1.48	7.64	1.48	0	1.48	0.02	1.73	31.4						
1.49	9.93	1.49	327.52	1.49	316.71	1.49	13.8	1.49	13.8	1.49	0	1.49	7.64	1.49	0	1.49	0.02	1.73	31.4						
1.49	10.2	1.49	327.54	1.49	316.78	1.49	13.8	1.49	13.8	1.49	0	1.49	7.64	1.49	0	1.49	0.02	1.74	31.4						
1.5	10.48	1.5	327.56	1.5	316.84	1.5	13.8	1.5	13.8	1.5	0	1.5	7.64	1.5	0	1.5	0.02	1.74	31.4						
1.5	10.77	1.5	327.57	1.5	316.87	1.5	13.8	1.5	13.8	1.5	0	1.5	7.64	1.5	0	1.5	0.02	1.75	31.4						
1.51	11.07	1.51	327.56	1.51	316.8	1.5	13.8	1.5	13.8	1.5	0	1.5	7.64	1.5	0	1.5	0.02	1.75	31.4						
1.51	11.36	1.51	327.55	1.51	316.74	1.51	13.8	1.51	13.8	1.51	0	1.51	7.64	1.51	0	1.51	0.02	1.76	31.4						
1.51	11.81	1.51	327.57	1.51	316.76	1.51	13.8	1.51	13.8	1.51	0	1.51	7.64	1.51	0	1.51	0.02	1.76	31.4						
1.52	12.28	1.52	327.6	1.52	316.8	1.52	13.8	1.52	13.8	1.52	0	1.52	7.64	1.52	0	1.52	0.02	1.76	31.4						
1.52	12.83	1.52	327.64	1.52	316.85	1.52	13.8	1.52	13.8	1.52	0	1.52	7.64	1.52	0	1.52	0.02	1.77	31.4						
1.53	13.5	1.53	327.68	1.53	316.91	1.52	13.79	1.52	13.8	1.52	0	1.52	7.64	1.52	0	1.52	0.02	1.77	31.4						
1.53	14.17	1.53	327.73	1.53	316.96	1.53	13.79	1.53	13.8	1.53	0	1.53	7.64	1.53	0	1.53	0.02	1.78	31.4						
1.53	14.94	1.53	327.78	1.53	317.06	1.53	13.79	1.53	13.8	1.53	0	1.53	7.64	1.53	0	1.53	0.02	1.78	31.4						
1.54	15.73	1.54	327.83	1.54	317.16	1.54	13.79	1.54	13.8	1.54	0	1.54	7.64	1.54	0	1.54	0.02	1.79	31.4						
1.54	16.46	1.54	327.87	1.54	317.22	1.54	13.79	1.54	13.8	1.54	0	1.54	7.64	1.54	0	1.54	0.02	1.79	31.4						
1.55	17.09	1.55	327.9	1.55	317.2	1.54	13.79	1.54	13.8	1.54	0	1.54	7.64	1.54	0	1.54	0.02	1.8	31.4						
1.55	17.73	1.55	327.93	1.55	317.19	1.55	13.79	1.55	13.8	1.55	0	1.55	7.64	1.55	0	1.55	0.02	1.8	31.4						
1.55	18.29	1.55	327.98	1.55	317.21	1.55	13.79	1.55	13.8	1.55	0	1.55	7.64	1.55	0	1.55	0.02	1.81	31.4						
1.56	18.84	1.56	328.04	1.56	317.25	1.56	13.79	1.56	13.8	1.56	0	1.56	7.64	1.56	0	1.56	0.02	1.81	31.4						
1.56	19.35	1.56	328.09	1.56	317.29	1.56	13.79	1.56	13.8	1.56	0	1.56	7.64	1.56	0	1.56	0.02	1.82	31.4						
1.57	19.81	1.57	328.13	1.57	317.36	1.56	13.79	1.56	13.8	1.56	0	1.56	7.64	1.56	0	1.56	0.02	1.82	31.4						
1.57	20.26	1.57	328.16	1.57	317.42	1.57	13.79	1.57	13.8	1.57	0	1.57	7.64	1.57	0	1.57	0.02	1.83	31.4						
1.57	20.81	1.57	328.28	1.57	317.55	1.57	13.79	1.57	13.8	1.57	0	1.57	7.64	1.57	0	1.57	0.02	1.83	31.4						
1.58	21.38	1.58	328.41	1.58	317.7	1.58	13.79	1.58	13.8	1.58	0	1.58	7.64	1.58	0	1.58	0.02	1.83	31.4						
1.58	21.97	1.58	328.51	1.58	317.78	1.58	13.79	1.58	13.8	1.58	0	1.58	7.64	1.58	0	1.58	0.02	1.84	31.4						
1.59	22.59	1.59	328.56	1.59	317.77	1.59	13.79	1.59	13.8	1.59	0	1.59	7.64	1.59	0	1.59	0.02	1.84	31.4						
1.59	23.22	1.59	328.6	1.59	317.76	1.59	13.79	1.59	13.8	1.59	0	1.59	7.64	1.59	0	1.59	0.02	1.85	31.4						
1.59	23.9	1.59	328.68	1.59	317.81	1.59	13.79	1.59	13.8	1.59	0	1.59	7.64	1.59	0	1.59	0.02	1.85	31.4						
1.6	24.58	1.6	328.76	1.6	317.86	1.6	13.79	1.6	13.8	1.6	0	1.6	7.64	1.6	0	1.6	0.02	1.86	31.4						
1.6	25.31	1.6	328.84	1.6	317.9	1.6	13.79	1.6	13.8	1.6	0	1.6	7.64	1.6	0	1.6	0.02	1.86	31.4						
1.61	26.09	1.61	328.92	1.61	317.91	1.61	13.79	1.61	13.8	1.61	0	1.61	7.64	1.61	0	1.61	0.02	1.87	31.4						
1.61	26.87	1.61	329	1.61	317.92	1.61	13.79	1.61	13.8	1.61	0	1.61	7.64	1.61	0	1.61	0.02	1.87	31.4						
1.61	27.82	1.61	329.13	1.61	318.07	1.61	13.79	1.61	13.8	1.61	0	1.61	7.64	1.61	0	1.61	0.02	1.88	31.4						
1.62	28.79	1.62	329.26	1.62	318.23	1.62	13.79	1.62	13.8	1.62	0	1.62	7.64	1.62	0	1.62	0.02	1.88	31.4						
1.62	29.79	1.62	329.38	1.62	318.36	1.62	13.79	1.62	13.8	1.62	0	1.62	7.64	1.62	0	1.62	0.02	1.89	31.4						
1.63	30.82	1.63	329.5	1.63	318.46	1.63	13.79	1.63	13.8	1.63	0	1.63	7.64	1.63	0	1.63	0.02	1.89	31.4						
1.63	31.85	1.63	329.62	1.63	318.56	1.63	13.79	1.63	13.8	1.63	0	1.63	7.64	1.63	0	1.63	0.02	1.9	31.4						
1.63	33.36	1.63	329.84	1.63	318.73	1.63	13.79	1.63	13.8	1.63	0	1.63	7.64	1.63	0	1.63	0.02	1.9	31.4						
1.64	34.91	1.64	330.06	1.64	318.9	1.64	13.79	1.64	13.8	1.64	0	1.64	7.64	1.64	0	1.64	0.02	1.9	31.4						
1.64	36.6	1.64	330.3	1.64	319.1	1.64	13.79	1.64	13.8	1.64	0	1.64	7.64	1.64	0	1.64	0.02	1.91	31.4						
1.65	38.48	1.65	330.56	1.65	319.31	1.65	13.79	1.65	13.8	1.65	0	1.65	7.64	1.65	0	1.65	0.02	1.91	31.4						
1.65	40.36	1.65	330.82	1.65	319.53	1.65	13.79	1.65	13.8	1.65	0	1.65	7.64	1.65	0	1.65	0.02	1.92	31.4						
1.65	42.44	1.65	331.12	1.65	319.82	1.65	13.79	1.65	13.8	1.65	0	1.65	7.64	1.65	0	1.65	0.02	1.92	31.4						
1.66	44.52	1.66	331.42	1.66	320.12	1.66	13.79	1.66	13.8	1.66	0	1.66	7.64	1.66	0	1.66	0.02	1.93	31.4						
1.66	46.49	1.66	331.65	1.66	320.32	1.66	13.79	1.66	13.8	1.66	0	1.66	7.64	1.66	0	1.66	0.02	1.93	31.4						
1.67	48.34	1.67	331.8	1.67	320.42	1.67	13.79	1.67	13.8	1.67	0	1.67	7.64	1.67	0	1.67	0.02	1.94	31.4						
1.67	50.18	1.67	331.94	1.67	320.52	1.67	13.79	1.67	13.8	1.67	0	1.67	7.64	1.67	0	1.67	0.02	1.94	31.4						
1.67	51.75	1.67	331.95	1.67	320.58	1.67	13.79	1.67	13.8	1.67	0	1.67	7.64	1.67	0	1.67	0.02	1.95	31.4						
1.68	53.33	1.68	331.96	1.68	320.63	1.68	13.79	1.68	13.8	1.68	0	1.68	7.64	1.68	0	1.68	0.02	1.95	31.4						
1.68	54.79	1.68	331.94	1.68	320.62	1.68	13.79	1.68	13.8	1.68	0	1.68	7.64	1.68	0	1.68	0.02	1.96	31.4						
1.69	56.15	1.69	331.89	1.69	320.55	1.69	13.79	1.69	13.8	1.69	0	1.69	7.64	1.69	0	1.69	0.02	1.96	31.4						
1.69	57.5	1.69	331.85	1.69	320.48	1.69	13.79	1.69	13.8	1.69	0	1.69	7.64	1.69	0	1.69	0.02	1.97	31.4						
1.69	58.82	1.69	331.78	1.69	320.43	1.69	13.79	1.69	13.8	1.69	0	1.69	7.64	1.69	0	1.69	0.02	1.97	31.4						
1.7	60.14	1.7	331.72	1.7	320.38	1.7	13.79	1.7	13.8	1.7	0	1.7	7.64	1.7	0	1.7	0.02	1.97	31.4						
1.7	61.26	1.7	331.62	1.7	320.29	1.7	13.79	1.7	13.8	1.7	0	1.7	7.64	1.7	0	1.7	0.02	1.98	31.4						
1.71	62.21	1.71	331.48	1.71	320.16	1.71	13.79	1.71	13.8	1.71	0	1.71	7.64	1.71	0	1.71	0.02	1.98	31.4						
1.71	63.14	1.71	331.34	1.71	320.03	1.71	13.79	1.71	13.8	1.71	0	1.71	7.64	1.71	0	1.71	0.02	1.99	31.4						
1.71	63.45	1.71	331.26	1.71	319.93	1.71	13.79	1.71	13.8	1.71	0	1.71	7.64	1.71	0	1.71	0.02	1.99	31.4						
1.72	63.77	1.72	331.17	1.72	319.83	1.72	13.79	1.72	13.8	1.72	0	1.72	7.64	1.72	0	1.72	0.02	2	31.4						
1.72	63.83	1.72	331.06	1.72	319.75	1.72	13.79	1.72	13.8	1.72	0	1.72	7.64	1.72	0	1.72	0.02	2	31.4						
1.73	63.65	1.73	330.9	1.73	319.69	1.73	13.79	1.73	13.8	1.73	0	1.73	7.64	1.73	0	1.73	0.02	2.01	31.4						
1.73	63.49	1.73	330.76	1.73	319.63	1.73	13.79	1.73	13.8	1.73	0	1.73	7.64	1.73	0	1.73	0.02	2.01	31.4						
1.73	63.57	1.73	330.76	1.73	319.68	1.73	13.79	1.73	13.8	1.73	0	1.73	7.64	1.73	0	1.73	0.02	2.02	31.4						
1.74	63.66	1.74	330.77	1.74	319.73	1.74	13.79	1.74	13.8	1.74	0	1.74	7.64	1.74	0	1.74	0.02	2.02	31.4						
1.74	64.09	1.74	330.82	1.74	319.76	1.74	13.79	1.74	13.8	1.74	0	1.74	7.64	1.74	0	1.74	0.02	2.03	31.4						
1.75	64.82	1.75	330.9	1.75	319.77	1.75	13.78	1.75	13.8	1.75	0	1.75	7.64	1.75	0	1.75	0.02	2.03	31.4						
1.75	65.6	1.75	330.99	1.75	319.8	1.75	13.78	1.75	13.8	1.75	0	1.75	7.64	1.75	0	1.75	0.02	2.04	31.4						
1.75	67.34	1.75	331.32	1.75	320.12	1.75	13.78	1.75	13.8	1.75	0	1.75	7.64	1.75	0	1.75	0.02	2.04	31.4						
1.76	69.08	1.76	331.65	1.76	320.43	1.76	13.78	1.76	13.8	1.76	0	1.76	7.64	1.76	0	1.76	0.02	2.04	31.4						
1.76	71.36	1.76	332.17	1.76	320.91	1.76	13.78	1.76	13.8	1.76	0	1.76	7.64	1.76	0	1.76	0.02	2.05	31.4						
1.77	74.07	1.77	332.83	1.77	321.53	1.77	13.78	1.77	13.8	1.77	0	1.77	7.64	1.77	0	1.77	0.02	2.05	31.4						
1.77	76.91	1.77	333.57	1.77	322.2	1.77	13.78	1.77	13.8	1.77	0	1.77	7.64	1.77	0	1.77	0.02	2.06	31.4						
1.77	81.5	1.77	335.25	1.77	323.64	1.77	13.78	1.77	13.8	1.77	0	1.77	7.64	1.77	0	1.77	0.02	2.06	31.4						
1.78	86.08	1.78	336.93	1.78	325.09	1.78	13.78	1.78	13.8	1.78	0	1.78	7.64	1.78	0	1.78	0.02	2.07	31.4						
1.78	92.36	1.78	339.67	1.78	327.39	1.78	13.78	1.78	13.8	1.78	0	1.78	7.64	1.78	0	1.78	0.02	2.07	31.4						
1.79	99.86	1.79	343.18	1.79	330.32	1.79	13.78	1.79	13.8	1.79	0	1.79	7.64	1.79	0	1.79	0.02	2.08	31.4						
1.79	107.69	1.79	346.76	1.79	333.27	1.79	13.78	1.79	13.8	1.79	0	1.79	7.64	1.79	0	1.79	0.02	2.08	31.4						
1.79	119.01	1.79	351.1	1.79	336.48	1.79	13.78	1.79	13.8	1.79	0	1.79	7.64	1.79	0	1.79	0.02	2.09	31.4						
1.8	130.33	1.8	355.44	1.8	339.68	1.8	13.78	1.8	13.8	1.8	0	1.8	7.64	1.8	0	1.8	0.02	2.09	31.4						
1.8	143.93	1.8	360.15	1.8	343.06	1.8	13.78	1.8	13.8	1.8	0	1.8	7.64	1.8	0	1.8	0.02	2.1	31.4						
1.81	159.09	1.81	365.1	1.81	346.56	1.81	13.78	1.81	13.8	1.81	0	1.81	7.64	1.81	0	1.81	0.02	2.1	31.4						
1.81	173.64	1.81	369.71	1.81	349.74	1.81	13.77	1.81	13.8	1.81	0	1.81	7.64	1.81	0	1.81	0.02	2.11	31.4						
1.81	182.98	1.81	371.27	1.81	350.14	1.81	13.77	1.81	13.8	1.81	0	1.81	7.64	1.81	0	1.81	0.02	2.11	31.4						
1.82	192.32	1.82	372.83	1.82	350.54	1.82	13.77	1.82	13.8	1.82	0	1.82	7.64	1.82	0	1.82	0.02	2.11	31.4						
1.82	192.25	1.82	370.39	1.82	347.72	1.82	13.76	1.82	13.8	1.82	0	1.82	7.64	1.82	0	1.82	0.02	2.12	31.4						
1.83	186.22	1.83	365.42	1.83	342.87	1.83	13.75	1.83	13.7	1.83	0	1.83	7.64	1.83	0	1.83	0.02	2.12	31.4						
1.83	180.7	1.83	360.72	1.83	338.28	1.83	13.74	1.83	13.7	1.83	0	1.83	7.64	1.83	0	1.83	0.02	2.13	31.4						
1.83	178.88	1.83	358.05	1.83	335.7	1.83	13.73	1.83	13.7	1.83	0	1.83	7.64	1.83	0	1.83	0.02	2.13	31.4						
1.84	177.07	1.84	355.38	1.84	333.11	1.84	13.72	1.84	13.7	1.84	0	1.84	7.64	1.84	0	1.84	0.02	2.14	31.4						
1.84	177.56	1.84	354.8	1.84	332.62	1.84	13.7	1.84	13.7	1.84	0	1.84	7.64	1.84	0	1.84	0.02	2.14	31.4						
1.85	179.41	1.85	355.45	1.85	333.37	1.85	13.67	1.85	13.6	1.85	0	1.85	7.64	1.85	0	1.85	0.02	2.15	31.4						
1.85	181.25	1.85	356.09	1.85	334.09	1.85	13.65	1.85	13.6	1.85	0	1.85	7.64	1.85	0	1.85	0.02	2.15	31.4						
1.85	183.06	1.85	356.66	1.85	334.73	1.85	13.62	1.85	13.6	1.85	0	1.85	7.64	1.85	0	1.85	0.02	2.16	31.4						
1.86	184.87	1.86	357.22	1.86	335.36	1.86	13.59	1.86	13.6	1.86	0	1.86	7.64	1.86	0	1.86	0.02	2.16	31.4						
1.86	190.38	1.86	362	1.86	340.09	1.86	13.56	1.86	13.6	1.86	0	1.86	7.64	1.86	0	1.86	0.02	2.17	31.4						
1.87	197.92	1.87	369.07	1.87	347.06	1.87	13.55	1.87	13.5	1.87	0	1.87	7.64	1.87	0	1.87	0.02	2.17	31.4						
1.87	204.55	1.87	375.37	1.87	353.29	1.87	13.53	1.87	13.5	1.87	0	1.87	7.64	1.87	0	1.87	0.02	2.18	31.4						
1.87	206.32	1.87	377.47	1.87	355.5	1.87	13.52	1.87	13.5	1.87	0	1.87	7.64	1.87	0	1.87	0.02	2.18	31.4						
1.88	208.09	1.88	379.58	1.88	357.72	1.88	13.52	1.88	13.5	1.88	0	1.88	7.64	1.88	0	1.88	0.02	2.18	31.4						
1.88	209.5	1.88	381.24	1.88	359.5	1.88	13.51	1.88	13.5	1.88	0	1.88	7.64	1.88	0	1.88	0.02	2.19	31.4						
1.89	210.74	1.89	382.68	1.89	361.05	1.89	13.5	1.89	13.5	1.89	0	1.89	7.64	1.89	0	1.89	0.02	2.19	31.4						
1.89	211.9	1.89	383.99	1.89	362.48	1.89	13.5	1.89	13.5	1.89	0	1.89	7.64	1.89	0	1.89	0.02	2.2	31.4						
1.89	212.73	1.89	384.75	1.89	363.38	1.89	13.49	1.89	13.5	1.89	0	1.89	7.64	1.89	0	1.89	0.02	2.2	31.4						
1.9	213.56	1.9	385.5	1.9	364.28	1.9	13.49	1.9	13.5	1.9	0	1.9	7.64	1.9	0	1.9	0.02	2.21	31.4						
1.9	214.19	1.9	385.95	1.9	364.84	1.9	13.49	1.9	13.5	1.9	0	1.9	7.64	1.9	0	1.9	0.02	2.21	31.4						
1.91	214.72	1.91	386.25	1.91	365.25	1.91	13.48	1.91	13.5	1.91	0	1.91	7.64	1.91	0	1.91	0.02	2.22	31.4						
1.91	215.31	1.91	386.55	1.91	365.66	1.91	13.48	1.91	13.5	1.91	0	1.91	7.64	1.91	0	1.91	0.02	2.22	31.4						
1.91	216.11	1.91	386.83	1.91	366.04	1.91	13.48	1.91	13.5	1.91	0	1.91	7.64	1.91	0	1.91	0.02	2.23	31.4						
1.92	216.91	1.92	387.11	1.92	366.43	1.92	13.48	1.92	13.5	1.92	0	1.92	7.64	1.92	0	1.92	0.02	2.23	31.4						
1.92	218.22	1.92	387.39	1.92	366.81	1.92	13.49	1.92	13.5	1.92	0	1.92	7.64	1.92	0	1.92	0.02	2.24	31.4						
1.93	219.76	1.93	387.67	1.93	367.19	1.93	13.49	1.93	13.5	1.93	0	1.93	7.64	1.93	0	1.93	0.02	2.24	31.4						
1.93	221.47	1.93	387.95	1.93	367.53	1.93	13.49	1.93	13.5	1.93	0	1.93	7.64	1.93	0	1.93	0.02	2.25	31.4						
1.93	223.79	1.93	388.2	1.93	367.73	1.93	13.49	1.93	13.5	1.93	0	1.93	7.64	1.93	0	1.93	0.02	2.25	31.4						
1.94	226.1	1.94	388.46	1.94	367.94	1.94	13.49	1.94	13.5	1.94	0	1.94	7.64	1.94	0	1.94	0.02	2.25	31.4						
1.94	228.93	1.94	388.62	1.94	368.08	1.94	13.49	1.94	13.5	1.94	0	1.94	7.64	1.94	0	1.94	0.02	2.26	31.4						
1.95	231.96	1.95	388.76	1.95	368.2	1.95	13.5	1.95	13.5	1.95	0	1.95	7.64	1.95	0	1.95	0.02	2.26	31.4						
1.95	235.25	1.95	388.91	1.95	368.34	1.95	13.5	1.95	13.5	1.95	0	1.95	7.64	1.95	0	1.95	0.02	2.27	31.4						
1.95	239.41	1.95	389.14	1.95	368.52	1.95	13.5	1.95	13.5	1.95	0	1.95	7.64	1.95	0	1.95	0.02	2.27	31.4						
1.96	243.57	1.96	389.37	1.96	368.7	1.96	13.5	1.96	13.5	1.96	0	1.96	7.64	1.96	0	1.96	0.02	2.28	31.4						
1.96	248.3	1.96	389.54	1.96	368.75	1.96	13.51	1.96	13.5	1.96	0	1.96	7.64	1.96	0	1.96	0.02	2.28	31.4						
1.97	253.24	1.97	389.69	1.97	368.74	1.97	13.51	1.97	13.5	1.97	0	1.97	7.64	1.97	0	1.97	0.02	2.29	31.4						
1.97	257.98	1.97	389.66	1.97	368.61	1.97	13.51	1.97	13.5	1.97	0	1.97	7.64	1.97	0	1.97	0.02	2.29	31.4						
1.97	262.07	1.97	389.06	1.97	368.1	1.97	13.51	1.97	13.5	1.97	0	1.97	7.64	1.97	0	1.97	0.02	2.3	31.4						
1.98	266.17	1.98	388.46	1.98	367.59	1.98	13.51	1.98	13.5	1.98	0	1.98	7.64	1.98	0	1.98	0.02	2.3	31.4						
1.98	256.71	1.98	382.8	1.98	362.98	1.98	13.51	1.98	13.5	1.98	0	1.98	7.64	1.98	0	1.98	0.02	2.31	31.4						
1.99	242.74	1.99	375.45	1.99	357	1.99	13.51	1.99	13.5	1.99	0	1.99	7.64	1.99	0	1.99	0.02	2.31	31.4						
1.99	225.37	1.99	366.56	1.99	349.56	1.99	13.52	1.99	13.5	1.99	0	1.99	7.64	1.99	0	1.99	0.02	2.32	31.4						
1.99	198.28	1.99	353.24	1.99	337.93	1.99	13.52	1.99	13.5	1.99	0	1.99	7.64	1.99	0	1.99	0.02	2.32	31.4						
2	171.19	2	339.93	2	326.3	2	13.52	2	13.5	2	0	2	7.64	2	0	2	0.02	2.32	31.4						
2	157.73	2	333.86	2	320.97	2	13.52	2	13.5	2	0	2	7.64	2	0	2	0.02	2.33	31.4						
2.01	148.38	2.01	329.98	2.01	317.54	2.01	13.52	2.01	13.5	2.01	0	2.01	7.64	2.01	0	2.01	0.02	2.33	31.4						
2.01	141.35	2.01	327.39	2.01	315.28	2.01	13.52	2.01	13.5	2.01	0	2.01	7.64	2.01	0	2.01	0.02	2.34	31.4						
2.01	140.39	2.01	328.19	2.01	316.1	2.01	13.52	2.01	13.5	2.01	0	2.01	7.64	2.01	0	2.01	0.02	2.34	31.4						
2.02	139.42	2.02	328.98	2.02	316.92	2.02	13.52	2.02	13.5	2.02	0	2.02	7.64	2.02	0	2.02	0.02	2.35	31.4						
2.02	140.58	2.02	329.9	2.02	317.74	2.02	13.54	2.02	13.5	2.02	0	2.02	7.64	2.02	0	2.02	0.02	2.35	31.4						
2.03	142.33	2.03	330.85	2.03	318.55	2.03	13.55	2.03	13.6	2.03	0	2.03	7.64	2.03	0	2.03	0.02	2.36	31.4						
2.03	144.11	2.03	331.58	2.03	319.1	2.03	13.57	2.03	13.6	2.03	0	2.03	7.64	2.03	0	2.03	0.02	2.36	31.4						
2.04	145.99	2.04	331.77	2.04	319.03	2.03	13.59	2.03	13.6	2.03	0	2.03	7.64	2.03	0	2.03	0.02	2.37	31.4						
2.04	147.86	2.04	331.96	2.04	318.97	2.04	13.61	2.04	13.6	2.04	0	2.04	7.64	2.04	0	2.04	0.02	2.37	31.4						
2.04	148.84	2.04	332.07	2.04	318.87	2.04	13.63	2.04	13.6	2.04	0	2.04	7.64	2.04	0	2.04	0.02	2.38	31.4						
2.05	149.6	2.05	332.16	2.05	318.77	2.05	13.65	2.05	13.7	2.05	0	2.05	7.64	2.05	0	2.05	0.02	2.38	31.4						
2.05	149.6	2.05	332.24	2.05	318.68	2.05	13.66	2.05	13.7	2.05	0	2.05	7.64	2.05	0	2.05	0.02	2.39	31.4						
2.06	147.92	2.06	332.29	2.06	318.6	2.05	13.67	2.05	13.7	2.05	0	2.05	7.64	2.05	0	2.05	0.02	2.39	31.4						
2.06	146.24	2.06	332.33	2.06	318.53	2.06	13.68	2.06	13.7	2.06	0	2.06	7.64	2.06	0	2.06	0.02	2.39	31.4						
2.06	142.68	2.06	332.38	2.06	318.52	2.06	13.69	2.06	13.7	2.06	0	2.06	7.64	2.06	0	2.06	0.02	2.4	31.4						
2.07	138.7	2.07	332.42	2.07	318.53	2.07	13.69	2.07	13.7	2.07	0	2.07	7.64	2.07	0	2.07	0.02	2.4	31.4						
2.07	134.4	2.07	332.4	2.07	318.48	2.07	13.69	2.07	13.7	2.07	0	2.07	7.64	2.07	0	2.07	0.02	2.41	31.4						
2.08	129.43	2.08	332.27	2.08	318.32	2.07	13.69	2.07	13.7	2.07	0	2.07	7.64	2.07	0	2.07	0.02	2.41	31.4						
2.08	124.46	2.08	332.13	2.08	318.16	2.08	13.68	2.08	13.7	2.08	0	2.08	7.64	2.08	0	2.08	0.02	2.42	31.4						
2.08	120.44	2.08	332.06	2.08	318.12	2.08	13.67	2.08	13.7	2.08	0	2.08	7.64	2.08	0	2.08	0.02	2.42	31.4						
2.09	116.61	2.09	331.99	2.09	318.09	2.09	13.66	2.09	13.6	2.09	0	2.09	7.64	2.09	0	2.09	0.02	2.43	31.4						
2.09	113.85	2.09	331.9	2.09	318.07	2.09	13.64	2.09	13.6	2.09	0	2.09	7.64	2.09	0	2.09	0.02	2.43	31.4						
2.1	113.12	2.1	331.77	2.1	318.06	2.09	13.62	2.09	13.6	2.09	0	2.09	7.64	2.09	0	2.09	0.02	2.44	31.4						
2.1	112.39	2.1	331.64	2.1	318.05	2.1	13.59	2.1	13.6	2.1	0	2.1	7.64	2.1	0	2.1	0.02	2.44	31.4						
2.1	116.96	2.1	331.54	2.1	318.03	2.1	13.56	2.1	13.6	2.1	0	2.1	7.64	2.1	0	2.1	0.02	2.45	31.4						
2.11	122.43	2.11	331.46	2.11	318	2.11	13.52	2.11	13.5	2.11	0	2.11	7.64	2.11	0	2.11	0.02	2.45	31.4						
2.11	131.35	2.11	331.36	2.11	317.97	2.11	13.49	2.11	13.5	2.11	0	2.11	7.64	2.11	0	2.11	0.02	2.46	31.4						
2.12	146.35	2.12	331.25	2.12	317.91	2.11	13.44	2.11	13.5	2.11	0	2.11	7.64	2.11	0	2.11	0.02	2.46	31.4						
2.12	161.35	2.12	331.14	2.12	317.86	2.12	13.4	2.12	13.4	2.12	0	2.12	7.64	2.12	0	2.12	0.02	2.46	31.4						
2.12	186.87	2.12	331.03	2.12	317.83	2.12	13.34	2.12	13.3	2.12	0	2.12	7.64	2.12	0	2.12	0.02	2.47	31.4						
2.13	213.94	2.13	330.93	2.13	317.81	2.13	13.29	2.13	13.3	2.13	0	2.13	7.64	2.13	0	2.13	0.02	2.47	31.4						
2.13	246.01	2.13	330.83	2.13	317.79	2.13	13.23	2.13	13.2	2.13	0	2.13	7.64	2.13	0	2.13	0.02	2.48	31.4						
2.14	286.21	2.14	330.73	2.14	317.78	2.13	13.16	2.13	13.2	2.13	0	2.13	7.64	2.13	0	2.13	0.02	2.48	31.4						
2.14	326.42	2.14	330.64	2.14	317.77	2.14	13.09	2.14	13.1	2.14	0	2.14	7.64	2.14	0	2.14	0.02	2.49	31.4						
2.14	378.45	2.14	330.57	2.14	317.81	2.14	13.02	2.14	13	2.14	0	2.14	7.64	2.14	0	2.14	0.02	2.49	31.4						
2.15	431.98	2.15	330.5	2.15	317.85	2.15	12.95	2.15	13	2.15	0	2.15	7.64	2.15	0	2.15	0.02	2.5	31.4						
2.15	489.97	2.15	330.39	2.15	317.84	2.15	12.88	2.15	12.9	2.15	0	2.15	7.64	2.15	0	2.15	0.02	2.5	31.4						
2.16	554.75	2.16	330.23	2.16	317.74	2.15	12.81	2.15	12.8	2.15	0	2.15	7.64	2.15	0	2.15	0.02	2.51	31.4						
2.16	619.52	2.16	330.06	2.16	317.65	2.16	12.74	2.16	12.7	2.16	0	2.16	7.64	2.16	0	2.16	0.02	2.51	31.4						
2.16	693.57	2.16	329.94	2.16	317.6	2.16	12.67	2.16	12.7	2.16	0	2.16	7.64	2.16	0	2.16	0.02	2.52	31.4						
2.17	768.57	2.17	329.82	2.17	317.57	2.17	12.61	2.17	12.6	2.17	0	2.17	7.64	2.17	0	2.17	0.02	2.52	31.4						
2.17	840.82	2.17	329.73	2.17	317.53	2.17	12.55	2.17	12.6	2.17	0	2.17	7.64	2.17	0	2.17	0.02	2.53	31.4						
2.18	909.18	2.18	329.66	2.18	317.49	2.17	12.5	2.17	12.5	2.17	0	2.17	7.64	2.17	0	2.17	0.02	2.53	31.4						
2.18	977.54	2.18	329.6	2.18	317.45	2.18	12.45	2.18	12.4	2.18	0	2.18	7.64	2.18	0	2.18	0.02	2.53	31.4						
2.18	1022.37	2.18	329.55	2.18	317.47	2.18	12.41	2.18	12.4	2.18	0	2.18	7.64	2.18	0	2.18	0.02	2.54	31.4						
2.19	1065.24	2.19	329.5	2.19	317.49	2.19	12.38	2.19	12.4	2.19	0	2.19	7.64	2.19	0	2.19	0.02	2.54	31.4						
2.19	1088.04	2.19	329.43	2.19	317.46	2.19	12.36	2.19	12.4	2.19	0	2.19	7.64	2.19	0	2.19	0.02	2.55	31.4						
2.2	1084.4	2.2	329.32	2.2	317.36	2.19	12.35	2.19	12.3	2.19	0	2.19	7.64	2.19	0	2.19	0.02	2.55	31.4						
2.2	1080.77	2.2	329.22	2.2	317.26	2.2	12.35	2.2	12.3	2.2	0	2.2	7.64	2.2	0	2.2	0.02	2.56	31.4						
2.2	1026.1	2.2	329.12	2.2	317.2	2.2	12.36	2.2	12.3	2.2	0	2.2	7.64	2.2	0	2.2	0.02	2.56	31.4						
2.21	968.19	2.21	329.02	2.21	317.14	2.21	12.37	2.21	12.4	2.21	0	2.21	7.64	2.21	0	2.21	0.02	2.57	31.4						
2.21	895.78	2.21	328.93	2.21	317.08	2.21	12.39	2.21	12.4	2.21	0	2.21	7.64	2.21	0	2.21	0.02	2.57	31.4						
2.22	805.55	2.22	328.85	2.22	317.01	2.22	12.43	2.22	12.5	2.22	0	2.22	7.64	2.22	0	2.22	0.02	2.58	31.4						
2.22	715.33	2.22	328.77	2.22	316.95	2.22	12.47	2.22	12.5	2.22	0	2.22	7.64	2.22	0	2.22	0.02	2.58	31.4						
2.22	615.4	2.22	328.78	2.22	317.02	2.22	12.51	2.22	12.5	2.22	0	2.22	7.64	2.22	0	2.22	0.02	2.59	31.4						
2.23	515.05	2.23	328.79	2.23	317.09	2.23	12.56	2.23	12.6	2.23	0	2.23	7.64	2.23	0	2.23	0.02	2.59	31.4						
2.23	424.3	2.23	328.77	2.23	317.08	2.23	12.62	2.23	12.6	2.23	0	2.23	7.64	2.23	0	2.23	0.02	2.6	31.4						
2.24	344.53	2.24	328.72	2.24	316.98	2.24	12.67	2.24	12.7	2.24	0	2.24	7.64	2.24	0	2.24	0.02	2.6	31.4						
2.24	264.77	2.24	328.66	2.24	316.88	2.24	12.73	2.24	12.7	2.24	0	2.24	7.64	2.24	0	2.24	0.02	2.6	31.4						
2.24	211.41	2.24	328.6	2.24	316.88	2.24	12.79	2.24	12.8	2.24	0	2.24	7.64	2.24	0	2.24	0.02	2.61	31.4						
2.25	158.72	2.25	328.54	2.25	316.88	2.25	12.85	2.25	12.8	2.25	0	2.25	7.64	2.25	0	2.25	0.02	2.61	31.4						
2.25	118.6	2.25	328.5	2.25	316.88	2.25	12.9	2.25	12.9	2.25	0	2.25	7.64	2.25	0	2.25	0.02	2.62	31.4						
2.26	91.91	2.26	328.5	2.26	316.88	2.26	12.95	2.26	13	2.26	0	2.26	7.64	2.26	0	2.26	0.02	2.62	31.4						
2.26	65.21	2.26	328.49	2.26	316.89	2.26	13.01	2.26	13	2.26	0	2.26	7.64	2.26	0	2.26	0.02	2.63	31.4						
2.26	52.32	2.26	328.48	2.26	316.94	2.26	13.06	2.26	13	2.26	0	2.26	7.64	2.26	0	2.26	0.02	2.63	31.4						
2.27	39.54	2.27	328.46	2.27	316.99	2.27	13.11	2.27	13.1	2.27	0	2.27	7.64	2.27	0	2.27	0.02	2.64	31.4						
2.27	30.57	2.27	328.43	2.27	316.97	2.27	13.16	2.27	13.1	2.27	0	2.27	7.64	2.27	0	2.27	0.02	2.64	31.4						
2.28	25.39	2.28	328.38	2.28	316.87	2.28	13.21	2.28	13.2	2.28	0	2.28	7.64	2.28	0	2.28	0.02	2.65	31.4						
2.28	20.24	2.28	328.33	2.28	316.77	2.28	13.26	2.28	13.3	2.28	0	2.28	7.64	2.28	0	2.28	0.02	2.65	31.4						
2.28	18.19	2.28	328.32	2.28	316.77	2.28	13.31	2.28	13.3	2.28	0	2.28	7.64	2.28	0	2.28	0.02	2.66	31.4						
2.29	16.15	2.29	328.31	2.29	316.76	2.29	13.36	2.29	13.4	2.29	0	2.29	7.64	2.29	0	2.29	0.02	2.66	31.4						
2.29	14.76	2.29	328.31	2.29	316.75	2.29	13.41	2.29	13.4	2.29	0	2.29	7.64	2.29	0	2.29	0.02	2.67	31.4						
2.3	13.98	2.3	328.31	2.3	316.74	2.3	13.46	2.3	13.5	2.3	0	2.3	7.64	2.3	0	2.3	0.02	2.67	31.4						
2.3	13.21	2.3	328.32	2.3	316.73	2.3	13.5	2.3	13.5	2.3	0	2.3	7.64	2.3	0	2.3	0.02	2.67	31.4						
2.3	12.92	2.3	328.33	2.3	316.8	2.3	13.54	2.3	13.5	2.3	0	2.3	7.64	2.3	0	2.3	0.02	2.68	31.4						
2.31	12.63	2.31	328.34	2.31	316.87	2.31	13.58	2.31	13.6	2.31	0	2.31	7.64	2.31	0	2.31	0.02	2.68	31.4						
2.31	12.39	2.31	328.32	2.31	316.88	2.31	13.61	2.31	13.6	2.31	0	2.31	7.64	2.31	0	2.31	0.02	2.69	31.4						
2.32	12.17	2.32	328.26	2.32	316.84	2.32	13.64	2.32	13.7	2.32	0	2.32	7.64	2.32	0	2.32	0.02	2.69	31.4						
2.32	11.96	2.32	328.19	2.32	316.79	2.32	13.67	2.32	13.7	2.32	0	2.32	7.64	2.32	0	2.32	0.02	2.7	31.4						
2.32	11.77	2.32	328.12	2.32	316.72	2.32	13.7	2.32	13.7	2.32	0	2.32	7.64	2.32	0	2.32	0.02	2.7	31.4						
2.33	11.58	2.33	328.06	2.33	316.64	2.33	13.72	2.33	13.7	2.33	0	2.33	7.64	2.33	0	2.33	0.02	2.71	31.4						
2.33	11.38	2.33	328.03	2.33	316.63	2.33	13.74	2.33	13.7	2.33	0	2.33	7.64	2.33	0	2.33	0.02	2.71	31.4						
2.34	11.16	2.34	328.04	2.34	316.68	2.34	13.76	2.34	13.8	2.34	0	2.34	7.64	2.34	0	2.34	0.02	2.72	31.4						
2.34	10.93	2.34	328.04	2.34	316.72	2.34	13.77	2.34	13.8	2.34	0	2.34	7.64	2.34	0	2.34	0.02	2.72	31.4						
2.34	10.71	2.34	327.99	2.34	316.7	2.34	13.79	2.34	13.8	2.34	0	2.34	7.64	2.34	0	2.34	0.02	2.73	31.4						
2.35	10.48	2.35	327.94	2.35	316.67	2.35	13.8	2.35	13.8	2.35	0	2.35	7.64	2.35	0	2.35	0.02	2.73	31.4						
2.35	10.25	2.35	327.93	2.35	316.68	2.35	13.81	2.35	13.8	2.35	0	2.35	7.64	2.35	0	2.35	0.02	2.74	31.4						
2.36	10.03	2.36	327.95	2.36	316.72	2.36	13.83	2.36	13.8	2.36	0	2.36	7.64	2.36	0	2.36	0.02	2.74	31.4						
2.36	9.81	2.36	327.95	2.36	316.75	2.36	13.84	2.36	13.8	2.36	0	2.36	7.64	2.36	0	2.36	0.02	2.75	31.4						
2.36	9.58	2.36	327.9	2.36	316.66	2.36	13.85	2.36	13.8	2.36	0	2.36	7.64	2.36	0	2.36	0.02	2.75	31.4						
2.37	9.34	2.37	327.85	2.37	316.57	2.37	13.86	2.37	13.9	2.37	0	2.37	7.64	2.37	0	2.37	0.02	2.75	31.4						
2.37	9.14	2.37	327.82	2.37	316.54	2.37	13.86	2.37	13.9	2.37	0	2.37	7.64	2.37	0	2.37	0.02	2.76	31.4						
2.38	8.95	2.38	327.8	2.38	316.55	2.38	13.87	2.38	13.9	2.38	0	2.38	7.64	2.38	0	2.38	0.02	2.76	31.4						
2.38	8.76	2.38	327.78	2.38	316.56	2.38	13.88	2.38	13.9	2.38	0	2.38	7.64	2.38	0	2.38	0.02	2.77	31.4						
2.38	8.56	2.38	327.77	2.38	316.52	2.38	13.88	2.38	13.9	2.38	0	2.38	7.64	2.38	0	2.38	0.02	2.77	31.4						
2.39	8.36	2.39	327.75	2.39	316.48	2.39	13.89	2.39	13.9	2.39	0	2.39	7.64	2.39	0	2.39	0.02	2.78	31.4						
2.39	8.18	2.39	327.75	2.39	316.52	2.39	13.89	2.39	13.9	2.39	0	2.39	7.64	2.39	0	2.39	0.02	2.78	31.4						
2.4	8.01	2.4	327.76	2.4	316.62	2.4	13.89	2.4	13.9	2.4	0	2.4	7.64	2.4	0	2.4	0.02	2.79	31.4						
2.4	7.83	2.4	327.76	2.4	316.69	2.4	13.89	2.4	13.9	2.4	0	2.4	7.64	2.4	0	2.4	0.02	2.79	31.4						
2.4	7.6	2.4	327.72	2.4	316.59	2.4	13.88	2.4	13.9	2.4	0	2.4	7.64	2.4	0	2.4	0.02	2.8	31.4						
2.41	7.36	2.41	327.68	2.41	316.49	2.41	13.88	2.41	13.9	2.41	0	2.41	7.64	2.41	0	2.41	0.02	2.8	31.4						
2.41	7.18	2.41	327.66	2.41	316.44	2.41	13.87	2.41	13.9	2.41	0	2.41	7.64	2.41	0	2.41	0.02	2.81	31.4						
2.42	7.01	2.42	327.66	2.42	316.41	2.42	13.87	2.42	13.9	2.42	0	2.42	7.64	2.42	0	2.42	0.02	2.81	31.4						
2.42	6.86	2.42	327.66	2.42	316.39	2.42	13.86	2.42	13.9	2.42	0	2.42	7.64	2.42	0	2.42	0.02	2.82	31.4						
2.42	6.75	2.42	327.65	2.42	316.43	2.42	13.85	2.42	13.9	2.42	0	2.42	7.64	2.42	0	2.42	0.02	2.82	31.4						
2.43	6.63	2.43	327.64	2.43	316.47	2.43	13.84	2.43	13.8	2.43	0	2.43	7.64	2.43	0	2.43	0.02	2.82	31.4						
2.43	6.55	2.43	327.65	2.43	316.49	2.43	13.83	2.43	13.8	2.43	0	2.43	7.64	2.43	0	2.43	0.02	2.83	31.4						
2.44	6.48	2.44	327.65	2.44	316.52	2.44	13.82	2.44	13.8	2.44	0	2.44	7.64	2.44	0	2.44	0.02	2.83	31.4						
2.44	6.4	2.44	327.66	2.44	316.53	2.44	13.82	2.44	13.8	2.44	0	2.44	7.64	2.44	0	2.44	0.02	2.84	31.4						
2.44	6.32	2.44	327.61	2.44	316.51	2.44	13.81	2.44	13.8	2.44	0	2.44	7.64	2.44	0	2.44	0.02	2.84	31.4						
2.45	6.23	2.45	327.56	2.45	316.49	2.45	13.8	2.45	13.8	2.45	0	2.45	7.64	2.45	0	2.45	0.02	2.85	31.4						
2.45	6.11	2.45	327.54	2.45	316.44	2.45	13.8	2.45	13.8	2.45	0	2.45	7.64	2.45	0	2.45	0.02	2.85	31.4						
2.46	5.98	2.46	327.53	2.46	316.37	2.46	13.79	2.46	13.8	2.46	0	2.46	7.64	2.46	0	2.46	0.02	2.86	31.4						
2.46	5.85	2.46	327.52	2.46	316.32	2.46	13.79	2.46	13.8	2.46	0	2.46	7.64	2.46	0	2.46	0.02	2.86	31.4						
2.46	5.72	2.46	327.49	2.46	316.35	2.46	13.78	2.46	13.8	2.46	0	2.46	7.64	2.46	0	2.46	0.02	2.87	31.4						
2.47	5.58	2.47	327.47	2.47	316.39	2.47	13.78	2.47	13.8	2.47	0	2.47	7.64	2.47	0	2.47	0.02	2.87	31.4						
2.47	5.51	2.47	327.51	2.47	316.46	2.47	13.77	2.47	13.8	2.47	0	2.47	7.64	2.47	0	2.47	0.02	2.88	31.4						
2.48	5.46	2.48	327.57	2.48	316.53	2.48	13.77	2.48	13.8	2.48	0	2.48	7.64	2.48	0	2.48	0.02	2.88	31.4						
2.48	5.39	2.48	327.62	2.48	316.59	2.48	13.77	2.48	13.8	2.48	0	2.48	7.64	2.48	0	2.48	0.02	2.89	31.4						
2.48	5.24	2.48	327.57	2.48	316.56	2.48	13.77	2.48	13.8	2.48	0	2.48	7.64	2.48	0	2.48	0.02	2.89	31.4						
2.49	5.08	2.49	327.53	2.49	316.54	2.49	13.76	2.49	13.8	2.49	0	2.49	7.64	2.49	0	2.49	0.02	2.89	31.4						
2.49	4.94	2.49	327.51	2.49	316.51	2.49	13.76	2.49	13.8	2.49	0	2.49	7.64	2.49	0	2.49	0.02	2.9	31.4						
2.5	4.82	2.5	327.5	2.5	316.49	2.5	13.76	2.5	13.8	2.5	0	2.5	7.64	2.5	0	2.5	0.02	2.9	31.4						
2.5	4.7	2.5	327.49	2.5	316.47	2.5	13.76	2.5	13.8	2.5	0	2.5	7.64	2.5	0	2.5	0.02	2.91	31.4						
2.5	4.58	2.5	327.47	2.5	316.45	2.5	13.76	2.5	13.8	2.5	0	2.5	7.64	2.5	0	2.5	0.02	2.91	31.4						
2.51	4.46	2.51	327.45	2.51	316.42	2.51	13.76	2.51	13.8	2.51	0	2.51	7.64	2.51	0	2.51	0.02	2.92	31.4						
2.51	4.4	2.51	327.47	2.51	316.47	2.51	13.76	2.51	13.8	2.51	0	2.51	7.64	2.51	0	2.51	0.02	2.92	31.4						
2.52	4.37	2.52	327.5	2.52	316.54	2.52	13.76	2.52	13.8	2.52	0	2.52	7.64	2.52	0	2.52	0.02	2.93	31.4						
2.52	4.31	2.52	327.52	2.52	316.58	2.52	13.76	2.52	13.8	2.52	0	2.52	7.64	2.52	0	2.52	0.02	2.93	31.4						
2.52	4.18	2.52	327.48	2.52	316.51	2.52	13.76	2.52	13.8	2.52	0	2.52	7.64	2.52	0	2.52	0.02	2.94	31.4						
2.53	4.05	2.53	327.44	2.53	316.43	2.53	13.76	2.53	13.8	2.53	0	2.53	7.64	2.53	0	2.53	0.02	2.94	31.4						
2.53	3.98	2.53	327.45	2.53	316.43	2.53	13.76	2.53	13.8	2.53	0	2.53	7.64	2.53	0	2.53	0.02	2.95	31.4						
2.54	3.93	2.54	327.48	2.54	316.45	2.54	13.75	2.54	13.8	2.54	0	2.54	7.64	2.54	0	2.54	0.02	2.95	31.4						
2.54	3.88	2.54	327.49	2.54	316.46	2.54	13.75	2.54	13.8	2.54	0	2.54	7.64	2.54	0	2.54	0.02	2.96	31.4						
2.54	3.84	2.54	327.48	2.54	316.46	2.54	13.75	2.54	13.8	2.54	0	2.54	7.64	2.54	0	2.54	0.02	2.96	31.4						
2.55	3.8	2.55	327.47	2.55	316.46	2.55	13.75	2.55	13.8	2.55	0	2.55	7.64	2.55	0	2.55	0.02	2.96	31.4						
2.55	3.77	2.55	327.47	2.55	316.51	2.55	13.75	2.55	13.8	2.55	0	2.55	7.64	2.55	0	2.55	0.02	2.97	31.4						
2.56	3.74	2.56	327.47	2.56	316.58	2.56	13.75	2.56	13.8	2.56	0	2.56	7.64	2.56	0	2.56	0.02	2.97	31.4						
2.56	3.7	2.56	327.46	2.56	316.6	2.56	13.75	2.56	13.8	2.56	0	2.56	7.64	2.56	0	2.56	0.02	2.98	31.4						
2.56	3.62	2.56	327.42	2.56	316.47	2.56	13.75	2.56	13.8	2.56	0	2.56	7.64	2.56	0	2.56	0.02	2.98	31.4						
2.57	3.54	2.57	327.37	2.57	316.34	2.57	13.75	2.57	13.8	2.57	0	2.57	7.64	2.57	0	2.57	0.02	2.99	31.4						
2.57	3.52	2.57	327.36	2.57	316.34	2.57	13.75	2.57	13.8	2.57	0	2.57	7.64	2.57	0	2.57	0.02	2.99	31.4						
2.58	3.53	2.58	327.37	2.58	316.38	2.58	13.75	2.58	13.8	2.58	0	2.58	7.64	2.58	0	2.58	0.02	3	31.4						
2.58	3.53	2.58	327.38	2.58	316.42	2.58	13.75	2.58	13.8	2.58	0	2.58	7.64	2.58	0	2.58	0.02	3	31.4						
2.58	3.55	2.58	327.41	2.58	316.43	2.58	13.75	2.58	13.8	2.58	0	2.58	7.64	2.58	0	2.58	0.02	3.01	31.4						
2.59	3.56	2.59	327.44	2.59	316.43	2.59	13.75	2.59	13.8	2.59	0	2.59	7.64	2.59	0	2.59	0.02	3.01	31.4						
2.59	3.55	2.59	327.42	2.59	316.45	2.59	13.75	2.59	13.8	2.59	0	2.59	7.64	2.59	0	2.59	0.02	3.02	31.4						
2.6	3.52	2.6	327.39	2.6	316.47	2.6	13.75	2.6	13.8	2.6	0	2.6	7.64	2.6	0	2.6	0.02	3.02	31.4						
2.6	3.49	2.6	327.37	2.6	316.46	2.6	13.75	2.6	13.8	2.6	0	2.6	7.64	2.6	0	2.6	0.02	3.03	31.4						
2.6	3.45	2.6	327.35	2.6	316.38	2.6	13.75	2.6	13.8	2.6	0	2.6	7.64	2.6	0	2.6	0.02	3.03	31.4						
2.61	3.4	2.61	327.33	2.61	316.3	2.61	13.75	2.61	13.8	2.61	0	2.61	7.64	2.61	0	2.61	0.02	3.03	31.4						
2.61	3.41	2.61	327.33	2.61	316.31	2.61	13.75	2.61	13.8	2.61	0	2.61	7.64	2.61	0	2.61	0.02	3.04	31.4						
2.62	3.43	2.62	327.32	2.62	316.34	2.62	13.75	2.62	13.8	2.62	0	2.62	7.64	2.62	0	2.62	0.02	3.04	31.4						
2.62	3.44	2.62	327.33	2.62	316.37	2.62	13.75	2.62	13.8	2.62	0	2.62	7.64	2.62	0	2.62	0.02	3.05	31.4						
2.63	3.41	2.63	327.36	2.63	316.36	2.62	13.75	2.62	13.8	2.62	0	2.62	7.64	2.62	0	2.62	0.02	3.05	31.4						
2.63	3.38	2.63	327.38	2.63	316.36	2.63	13.75	2.63	13.8	2.63	0	2.63	7.64	2.63	0	2.63	0.02	3.06	31.4						
2.63	3.4	2.63	327.41	2.63	316.42	2.63	13.75	2.63	13.8	2.63	0	2.63	7.64	2.63	0	2.63	0.02	3.06	31.4						
2.64	3.43	2.64	327.43	2.64	316.5	2.64	13.75	2.64	13.8	2.64	0	2.64	7.64	2.64	0	2.64	0.02	3.07	31.4						
2.64	3.43	2.64	327.44	2.64	316.53	2.64	13.75	2.64	13.8	2.64	0	2.64	7.64	2.64	0	2.64	0.02	3.07	31.4						
2.65	3.37	2.65	327.4	2.65	316.48	2.64	13.75	2.64	13.8	2.64	0	2.64	7.64	2.64	0	2.64	0.02	3.08	31.3						
2.65	3.32	2.65	327.37	2.65	316.42	2.65	13.75	2.65	13.7	2.65	0	2.65	7.64	2.65	0	2.65	0.02	3.08	31.3						
2.65	3.25	2.65	327.36	2.65	316.39	2.65	13.75	2.65	13.7	2.65	0	2.65	7.64	2.65	0	2.65	0.02	3.09	31.3						
2.66	3.18	2.66	327.36	2.66	316.36	2.66	13.75	2.66	13.7	2.66	0	2.66	7.64	2.66	0	2.66	0.02	3.09	31.3						
2.66	3.13	2.66	327.36	2.66	316.34	2.66	13.75	2.66	13.7	2.66	0	2.66	7.64	2.66	0	2.66	0.02	3.1	31.3						
2.67	3.11	2.67	327.35	2.67	316.33	2.66	13.75	2.66	13.7	2.66	0	2.66	7.64	2.66	0	2.66	0.02	3.1	31.3						
2.67	3.09	2.67	327.34	2.67	316.32	2.67	13.75	2.67	13.7	2.67	0	2.67	7.64	2.67	0	2.67	0.02	3.1	31.3						
2.67	3.09	2.67	327.35	2.67	316.36	2.67	13.75	2.67	13.7	2.67	0	2.67	7.64	2.67	0	2.67	0.02	3.11	31.3						
2.68	3.09	2.68	327.36	2.68	316.42	2.68	13.75	2.68	13.7	2.68	0	2.68	7.64	2.68	0	2.68	0.02	3.11	31.3						
2.68	3.08	2.68	327.37	2.68	316.44	2.68	13.75	2.68	13.7	2.68	0	2.68	7.64	2.68	0	2.68	0.02	3.12	31.3						
2.69	3.04	2.69	327.38	2.69	316.42	2.68	13.75	2.68	13.7	2.68	0	2.68	7.64	2.68	0	2.68	0.02	3.12	31.3						
2.69	3	2.69	327.38	2.69	316.39	2.69	13.75	2.69	13.7	2.69	0	2.69	7.64	2.69	0	2.69	0.02	3.13	31.3						
2.69	2.98	2.69	327.36	2.69	316.39	2.69	13.75	2.69	13.7	2.69	0	2.69	7.64	2.69	0	2.69	0.02	3.13	31.3						
2.7	2.97	2.7	327.32	2.7	316.39	2.7	13.75	2.7	13.7	2.7	0	2.7	7.64	2.7	0	2.7	0.02	3.14	31.3						
2.7	2.96	2.7	327.3	2.7	316.39	2.7	13.75	2.7	13.7	2.7	0	2.7	7.64	2.7	0	2.7	0.02	3.14	31.3						
2.71	2.98	2.71	327.3	2.71	316.39	2.7	13.75	2.7	13.7	2.7	0	2.7	7.64	2.7	0	2.7	0.02	3.15	31.3						
2.71	2.99	2.71	327.3	2.71	316.38	2.71	13.75	2.71	13.7	2.71	0	2.71	7.64	2.71	0	2.71	0.02	3.15	31.3						
2.71	3.04	2.71	327.34	2.71	316.44	2.71	13.75	2.71	13.7	2.71	0	2.71	7.64	2.71	0	2.71	0.02	3.16	31.3						
2.72	3.08	2.72	327.39	2.72	316.51	2.72	13.75	2.72	13.7	2.72	0	2.72	7.64	2.72	0	2.72	0.02	3.16	31.3						
2.72	3.11	2.72	327.4	2.72	316.52	2.72	13.75	2.72	13.7	2.72	0	2.72	7.64	2.72	0	2.72	0.02	3.17	31.3						
2.73	3.09	2.73	327.35	2.73	316.45	2.72	13.75	2.72	13.7	2.72	0	2.72	7.64	2.72	0	2.72	0.02	3.17	31.3						
2.73	3.07	2.73	327.31	2.73	316.39	2.73	13.75	2.73	13.7	2.73	0	2.73	7.64	2.73	0	2.73	0.02	3.17	31.3						
2.73	3.07	2.73	327.3	2.73	316.36	2.73	13.75	2.73	13.7	2.73	0	2.73	7.64	2.73	0	2.73	0.02	3.18	31.3						
2.74	3.07	2.74	327.29	2.74	316.34	2.74	13.75	2.74	13.7	2.74	0	2.74	7.64	2.74	0	2.74	0.02	3.18	31.3						
2.74	3.06	2.74	327.29	2.74	316.34	2.74	13.75	2.74	13.7	2.74	0	2.74	7.64	2.74	0	2.74	0.02	3.19	31.3						
2.75	3.02	2.75	327.29	2.75	316.35	2.74	13.75	2.74	13.7	2.74	0	2.74	7.64	2.74	0	2.74	0.02	3.19	31.3						
2.75	2.97	2.75	327.29	2.75	316.36	2.75	13.75	2.75	13.7	2.75	0	2.75	7.64	2.75	0	2.75	0.02	3.2	31.3						
2.75	3.01	2.75	327.31	2.75	316.4	2.75	13.75	2.75	13.7	2.75	0	2.75	7.64	2.75	0	2.75	0.02	3.2	31.3						
2.76	3.05	2.76	327.33	2.76	316.44	2.76	13.74	2.76	13.7	2.76	0	2.76	7.64	2.76	0	2.76	0.02	3.21	31.3						
2.76	3.07	2.76	327.35	2.76	316.44	2.76	13.74	2.76	13.7	2.76	0	2.76	7.64	2.76	0	2.76	0.02	3.21	31.3						
2.77	3.07	2.77	327.37	2.77	316.38	2.76	13.74	2.76	13.7	2.76	0	2.76	7.64	2.76	0	2.76	0.02	3.22	31.3						
2.77	3.06	2.77	327.39	2.77	316.33	2.77	13.75	2.77	13.7	2.77	0	2.77	7.64	2.77	0	2.77	0.02	3.22	31.3						
2.77	3.06	2.77	327.34	2.77	316.31	2.77	13.75	2.77	13.7	2.77	0	2.77	7.64	2.77	0	2.77	0.02	3.23	31.3						
2.78	3.06	2.78	327.3	2.78	316.3	2.78	13.75	2.78	13.7	2.78	0	2.78	7.64	2.78	0	2.78	0.02	3.23	31.3						
2.78	3.08	2.78	327.29	2.78	316.31	2.78	13.75	2.78	13.7	2.78	0	2.78	7.64	2.78	0	2.78	0.02	3.24	31.3						
2.79	3.13	2.79	327.32	2.79	316.36	2.78	13.75	2.78	13.7	2.78	0	2.78	7.64	2.78	0	2.78	0.02	3.24	31.3						
2.79	3.17	2.79	327.35	2.79	316.4	2.79	13.75	2.79	13.7	2.79	0	2.79	7.64	2.79	0	2.79	0.02	3.24	31.3						
2.79	3.15	2.79	327.31	2.79	316.4	2.79	13.75	2.79	13.7	2.79	0	2.79	7.64	2.79	0	2.79	0.02	3.25	31.3						
2.8	3.13	2.8	327.28	2.8	316.4	2.8	13.75	2.8	13.7	2.8	0	2.8	7.64	2.8	0	2.8	0.02	3.25	31.3						
2.8	3.15	2.8	327.28	2.8	316.4	2.8	13.75	2.8	13.7	2.8	0	2.8	7.64	2.8	0	2.8	0.02	3.26	31.3						
2.81	3.22	2.81	327.33	2.81	316.4	2.8	13.75	2.8	13.7	2.8	0	2.8	7.64	2.8	0	2.8	0.02	3.26	31.3						
2.81	3.29	2.81	327.38	2.81	316.41	2.81	13.75	2.81	13.7	2.81	0	2.81	7.64	2.81	0	2.81	0.02	3.27	31.3						
2.81	3.23	2.81	327.32	2.81	316.36	2.81	13.75	2.81	13.7	2.81	0	2.81	7.64	2.81	0	2.81	0.02	3.27	31.3						
2.82	3.17	2.82	327.24	2.82	316.3	2.82	13.75	2.82	13.7	2.82	0	2.82	7.64	2.82	0	2.82	0.02	3.28	31.3						
2.82	3.14	2.82	327.22	2.82	316.27	2.82	13.75	2.82	13.7	2.82	0	2.82	7.64	2.82	0	2.82	0.02	3.28	31.3						
2.83	3.16	2.83	327.26	2.83	316.26	2.82	13.75	2.82	13.7	2.82	0	2.82	7.64	2.82	0	2.82	0.02	3.29	31.3						
2.83	3.19	2.83	327.29	2.83	316.26	2.83	13.75	2.83	13.7	2.83	0	2.83	7.64	2.83	0	2.83	0.02	3.29	31.3						
2.83	3.23	2.83	327.28	2.83	316.27	2.83	13.75	2.83	13.7	2.83	0	2.83	7.64	2.83	0	2.83	0.02	3.3	31.3						
2.84	3.28	2.84	327.26	2.84	316.28	2.84	13.75	2.84	13.7	2.84	0	2.84	7.64	2.84	0	2.84	0.02	3.3	31.3						
2.84	3.33	2.84	327.26	2.84	316.29	2.84	13.75	2.84	13.7	2.84	0	2.84	7.64	2.84	0	2.84	0.02	3.31	31.3						
2.85	3.37	2.85	327.29	2.85	316.3	2.85	13.75	2.85	13.7	2.85	0	2.85	7.64	2.85	0	2.85	0.02	3.31	31.3						
2.85	3.42	2.85	327.31	2.85	316.31	2.85	13.75	2.85	13.7	2.85	0	2.85	7.64	2.85	0	2.85	0.02	3.31	31.3						
2.85	3.38	2.85	327.27	2.85	316.3	2.85	13.75	2.85	13.7	2.85	0	2.85	7.64	2.85	0	2.85	0.02	3.32	31.3						
2.86	3.34	2.86	327.23	2.86	316.29	2.86	13.75	2.86	13.7	2.86	0	2.86	7.64	2.86	0	2.86	0.02	3.32	31.3						
2.86	3.33	2.86	327.22	2.86	316.29	2.86	13.75	2.86	13.7	2.86	0	2.86	7.64	2.86	0	2.86	0.02	3.33	31.3						
2.87	3.34	2.87	327.25	2.87	316.3	2.87	13.75	2.87	13.7	2.87	0	2.87	7.64	2.87	0	2.87	0.02	3.33	31.3						
2.87	3.36	2.87	327.28	2.87	316.31	2.87	13.75	2.87	13.7	2.87	0	2.87	7.64	2.87	0	2.87	0.02	3.34	31.3						
2.87	3.4	2.87	327.25	2.87	316.29	2.87	13.75	2.87	13.7	2.87	0	2.87	7.64	2.87	0	2.87	0.02	3.34	31.3						
2.88	3.44	2.88	327.23	2.88	316.28	2.88	13.75	2.88	13.7	2.88	0	2.88	7.64	2.88	0	2.88	0.02	3.35	31.3						
2.88	3.49	2.88	327.23	2.88	316.31	2.88	13.75	2.88	13.7	2.88	0	2.88	7.64	2.88	0	2.88	0.02	3.35	31.3						
2.89	3.55	2.89	327.25	2.89	316.37	2.89	13.75	2.89	13.7	2.89	0	2.89	7.64	2.89	0	2.89	0.02	3.36	31.3						
2.89	3.61	2.89	327.28	2.89	316.44	2.89	13.75	2.89	13.7	2.89	0	2.89	7.64	2.89	0	2.89	0.02	3.36	31.3						
2.89	3.62	2.89	327.26	2.89	316.39	2.89	13.75	2.89	13.7	2.89	0	2.89	7.64	2.89	0	2.89	0.02	3.37	31.3						
2.9	3.64	2.9	327.25	2.9	316.34	2.9	13.75	2.9	13.7	2.9	0	2.9	7.64	2.9	0	2.9	0.02	3.37	31.3						
2.9	3.67	2.9	327.24	2.9	316.3	2.9	13.75	2.9	13.7	2.9	0	2.9	7.64	2.9	0	2.9	0.02	3.38	31.3						
2.91	3.71	2.91	327.23	2.91	316.27	2.91	13.75	2.91	13.7	2.91	0	2.91	7.64	2.91	0	2.91	0.02	3.38	31.3						
2.91	3.76	2.91	327.23	2.91	316.24	2.91	13.75	2.91	13.7	2.91	0	2.91	7.64	2.91	0	2.91	0.02	3.38	31.3						
2.91	3.8	2.91	327.23	2.91	316.24	2.91	13.75	2.91	13.7	2.91	0	2.91	7.64	2.91	0	2.91	0.02	3.39	31.3						
2.92	3.85	2.92	327.23	2.92	316.24	2.92	13.75	2.92	13.7	2.92	0	2.92	7.64	2.92	0	2.92	0.02	3.39	31.3						
2.92	3.89	2.92	327.24	2.92	316.26	2.92	13.75	2.92	13.7	2.92	0	2.92	7.64	2.92	0	2.92	0.02	3.4	31.3						
2.93	3.94	2.93	327.24	2.93	316.32	2.93	13.75	2.93	13.7	2.93	0	2.93	7.64	2.93	0	2.93	0.02	3.4	31.3						
2.93	3.98	2.93	327.25	2.93	316.36	2.93	13.75	2.93	13.7	2.93	0	2.93	7.64	2.93	0	2.93	0.02	3.41	31.3						
2.93	3.98	2.93	327.22	2.93	316.29	2.93	13.75	2.93	13.7	2.93	0	2.93	7.64	2.93	0	2.93	0.02	3.41	31.3						
2.94	3.99	2.94	327.18	2.94	316.22	2.94	13.75	2.94	13.7	2.94	0	2.94	7.64	2.94	0	2.94	0.02	3.42	31.3						
2.94	3.98	2.94	327.17	2.94	316.21	2.94	13.75	2.94	13.7	2.94	0	2.94	7.64	2.94	0	2.94	0.02	3.42	31.3						
2.95	3.97	2.95	327.16	2.95	316.23	2.95	13.75	2.95	13.7	2.95	0	2.95	7.64	2.95	0	2.95	0.02	3.43	31.3						
2.95	3.96	2.95	327.16	2.95	316.25	2.95	13.75	2.95	13.7	2.95	0	2.95	7.64	2.95	0	2.95	0.02	3.43	31.3						
2.95	3.99	2.95	327.19	2.95	316.3	2.95	13.75	2.95	13.7	2.95	0	2.95	7.64	2.95	0	2.95	0.02	3.44	31.3						
2.96	4.02	2.96	327.21	2.96	316.34	2.96	13.75	2.96	13.7	2.96	0	2.96	7.64	2.96	0	2.96	0.02	3.44	31.3						
2.96	4.03	2.96	327.26	2.96	316.39	2.96	13.75	2.96	13.7	2.96	0	2.96	7.64	2.96	0	2.96	0.02	3.45	31.3						
2.97	4.05	2.97	327.31	2.97	316.44	2.97	13.75	2.97	13.7	2.97	0	2.97	7.64	2.97	0	2.97	0.02	3.45	31.3						
2.97	4.05	2.97	327.35	2.97	316.48	2.97	13.75	2.97	13.7	2.97	0	2.97	7.64	2.97	0	2.97	0.02	3.45	31.3						
2.97	3.97	2.97	327.28	2.97	316.39	2.97	13.75	2.97	13.7	2.97	0	2.97	7.64	2.97	0	2.97	0.02	3.46	31.3						
2.98	3.88	2.98	327.21	2.98	316.3	2.98	13.75	2.98	13.7	2.98	0	2.98	7.64	2.98	0	2.98	0.02	3.46	31.3						
2.98	3.82	2.98	327.17	2.98	316.27	2.98	13.75	2.98	13.7	2.98	0	2.98	7.64	2.98	0	2.98	0.02	3.47	31.3						
2.99	3.77	2.99	327.15	2.99	316.28	2.99	13.75	2.99	13.7	2.99	0	2.99	7.64	2.99	0	2.99	0.02	3.47	31.3						
2.99	3.73	2.99	327.14	2.99	316.29	2.99	13.75	2.99	13.7	2.99	0	2.99	7.64	2.99	0	2.99	0.02	3.48	31.3						
2.99	3.7	2.99	327.16	2.99	316.31	2.99	13.75	2.99	13.7	2.99	0	2.99	7.64	2.99	0	2.99	0.02	3.48	31.3						
3	3.68	3	327.18	3	316.33	3	13.75	3	13.7	3	0	3	7.64	3	0	3	0.02	3.49	31.3						
3	3.66	3	327.21	3	316.33	3	13.75	3	13.7	3	0	3	7.64	3	0	3	0.02	3.49	31.3						
3.01	3.63	3.01	327.24	3.01	316.32	3.01	13.75	3.01	13.7	3.01	0	3.01	7.64	3.01	0	3.01	0.02	3.5	31.3						
3.01	3.6	3.01	327.27	3.01	316.31	3.01	13.75	3.01	13.7	3.01	0	3.01	7.64	3.01	0	3.01	0.02	3.5	31.3						
3.01	3.55	3.01	327.24	3.01	316.32	3.01	13.75	3.01	13.7	3.01	0	3.01	7.64	3.01	0	3.01	0.02	3.51	31.3						
3.02	3.51	3.02	327.22	3.02	316.33	3.02	13.75	3.02	13.7	3.02	0	3.02	7.64	3.02	0	3.02	0.02	3.51	31.3						
3.02	3.47	3.02	327.2	3.02	316.33	3.02	13.75	3.02	13.7	3.02	0	3.02	7.64	3.02	0	3.02	0.02	3.52	31.3						
3.03	3.44	3.03	327.18	3.03	316.33	3.03	13.75	3.03	13.7	3.03	0	3.03	7.64	3.03	0	3.03	0.02	3.52	31.3						
3.03	3.41	3.03	327.16	3.03	316.33	3.03	13.75	3.03	13.7	3.03	0	3.03	7.64	3.03	0	3.03	0.02	3.52	31.3						
3.03	3.39	3.03	327.16	3.03	316.32	3.03	13.75	3.03	13.7	3.03	0	3.03	7.64	3.03	0	3.03	0.02	3.53	31.3						
3.04	3.37	3.04	327.15	3.04	316.31	3.04	13.75	3.04	13.7	3.04	0	3.04	7.64	3.04	0	3.04	0.02	3.53	31.3						
3.04	3.38	3.04	327.18	3.04	316.33	3.04	13.75	3.04	13.7	3.04	0	3.04	7.64	3.04	0	3.04	0.02	3.54	31.3						
3.05	3.42	3.05	327.22	3.05	316.38	3.05	13.75	3.05	13.7	3.05	0	3.05	7.64	3.05	0	3.05	0.02	3.54	31.3						
3.05	3.44	3.05	327.25	3.05	316.4	3.05	13.75	3.05	13.7	3.05	0	3.05	7.64	3.05	0	3.05	0.02	3.55	31.3						
3.05	3.38	3.05	327.23	3.05	316.33	3.05	13.75	3.05	13.7	3.05	0	3.05	7.64	3.05	0	3.05	0.02	3.55	31.3						
3.06	3.32	3.06	327.22	3.06	316.26	3.06	13.75	3.06	13.7	3.06	0	3.06	7.64	3.06	0	3.06	0.02	3.56	31.3						
3.06	3.31	3.06	327.2	3.06	316.25	3.06	13.75	3.06	13.7	3.06	0	3.06	7.64	3.06	0	3.06	0.02	3.56	31.3						
3.07	3.33	3.07	327.18	3.07	316.27	3.07	13.75	3.07	13.7	3.07	0	3.07	7.64	3.07	0	3.07	0.02	3.57	31.3						
3.07	3.34	3.07	327.16	3.07	316.28	3.07	13.75	3.07	13.7	3.07	0	3.07	7.64	3.07	0	3.07	0.02	3.57	31.3						
3.07	3.32	3.07	327.19	3.07	316.25	3.07	13.75	3.07	13.7	3.07	0	3.07	7.64	3.07	0	3.07	0.02	3.58	31.3						
3.08	3.3	3.08	327.21	3.08	316.22	3.08	13.75	3.08	13.7	3.08	0	3.08	7.64	3.08	0	3.08	0.02	3.58	31.3						
3.08	3.33	3.08	327.23	3.08	316.27	3.08	13.75	3.08	13.7	3.08	0	3.08	7.64	3.08	0	3.08	0.02	3.59	31.3						
3.09	3.38	3.09	327.24	3.09	316.35	3.09	13.75	3.09	13.7	3.09	0	3.09	7.64	3.09	0	3.09	0.02	3.59	31.3						
3.09	3.41	3.09	327.23	3.09	316.4	3.09	13.75	3.09	13.7	3.09	0	3.09	7.64	3.09	0	3.09	0.02	3.59	31.3						
3.09	3.35	3.09	327.18	3.09	316.36	3.09	13.75	3.09	13.7	3.09	0	3.09	7.64	3.09	0	3.09	0.02	3.6	31.3						
3.1	3.3	3.1	327.12	3.1	316.32	3.1	13.75	3.1	13.7	3.1	0	3.1	7.64	3.1	0	3.1	0.02	3.6	31.3						
3.1	3.28	3.1	327.12	3.1	316.3	3.1	13.75	3.1	13.7	3.1	0	3.1	7.64	3.1	0	3.1	0.02	3.61	31.3						
3.11	3.27	3.11	327.14	3.11	316.27	3.11	13.75	3.11	13.7	3.11	0	3.11	7.64	3.11	0	3.11	0.02	3.61	31.3						
3.11	3.26	3.11	327.16	3.11	316.25	3.11	13.75	3.11	13.7	3.11	0	3.11	7.64	3.11	0	3.11	0.02	3.62	31.3						
3.11	3.25	3.11	327.14	3.11	316.22	3.11	13.75	3.11	13.7	3.11	0	3.11	7.64	3.11	0	3.11	0.02	3.62	31.3						
3.12	3.24	3.12	327.11	3.12	316.18	3.12	13.75	3.12	13.7	3.12	0	3.12	7.64	3.12	0	3.12	0.02	3.63	31.3						
3.12	3.29	3.12	327.16	3.12	316.24	3.12	13.75	3.12	13.7	3.12	0	3.12	7.64	3.12	0	3.12	0.02	3.63	31.3						
3.13	3.35	3.13	327.24	3.13	316.32	3.13	13.75	3.13	13.7	3.13	0	3.13	7.64	3.13	0	3.13	0.02	3.64	31.3						
3.13	3.4	3.13	327.29	3.13	316.38	3.13	13.75	3.13	13.7	3.13	0	3.13	7.64	3.13	0	3.13	0.02	3.64	31.3						
3.13	3.41	3.13	327.29	3.13	316.34	3.13	13.75	3.13	13.7	3.13	0	3.13	7.64	3.13	0	3.13	0.02	3.65	31.3						
3.14	3.43	3.14	327.28	3.14	316.31	3.14	13.75	3.14	13.7	3.14	0	3.14	7.64	3.14	0	3.14	0.02								
3.14	3.43	3.14	327.26	3.14	316.3	3.14	13.75	3.14	13.7	3.14	0	3.14	7.64	3.14	0	3.14	0.02								
3.15	3.43	3.15	327.23	3.15	316.29	3.15	13.75	3.15	13.7	3.15	0	3.15	7.64	3.15	0	3.15	0.02								
3.15	3.43	3.15	327.21	3.15	316.29	3.15	13.75	3.15	13.7	3.15	0	3.15	7.64	3.15	0	3.15	0.02								
3.15	3.4	3.15	327.22	3.15	316.3	3.15	13.75	3.15	13.7	3.15	0	3.15	7.64	3.15	0	3.15	0.02								
3.16	3.36	3.16	327.22	3.16	316.31	3.16	13.75	3.16	13.7	3.16	0	3.16	7.64	3.16	0	3.16	0.02								
3.16	3.38	3.16	327.25	3.16	316.32	3.16	13.75	3.16	13.7	3.16	0	3.16	7.64	3.16	0	3.16	0.02								
3.17	3.41	3.17	327.27	3.17	316.32	3.17	13.75	3.17	13.7	3.17	0	3.17	7.64	3.17	0	3.17	0.02								
3.17	3.43	3.17	327.29	3.17	316.33	3.17	13.75	3.17	13.7	3.17	0	3.17	7.64	3.17	0	3.17	0.02								
3.17	3.46	3.17	327.27	3.17	316.36	3.17	13.75	3.17	13.7	3.17	0	3.17	7.64	3.17	0	3.17	0.02								
3.18	3.48	3.18	327.25	3.18	316.39	3.18	13.75	3.18	13.7	3.18	0	3.18	7.64	3.18	0	3.18	0.02								
3.18	3.49	3.18	327.23	3.18	316.37	3.18	13.75	3.18	13.7	3.18	0	3.18	7.64	3.18	0	3.18	0.02								
3.19	3.5	3.19	327.22	3.19	316.35	3.19	13.75	3.19	13.7	3.19	0	3.19	7.64	3.19	0	3.19	0.02								
3.19	3.52	3.19	327.21	3.19	316.33	3.19	13.75	3.19	13.7	3.19	0	3.19	7.64	3.19	0	3.19	0.02								
3.2	3.56	3.2	327.19	3.2	316.3	3.19	13.75	3.19	13.7	3.19	0	3.19	7.64	3.19	0	3.19	0.02								
3.2	3.6	3.2	327.17	3.2	316.28	3.2	13.75	3.2	13.7	3.2	0	3.2	7.64	3.2	0	3.2	0.02								
3.2	3.67	3.2	327.17	3.2	316.3	3.2	13.75	3.2	13.7	3.2	0	3.2	7.64	3.2	0	3.2	0.02								
3.21	3.74	3.21	327.19	3.21	316.33	3.21	13.75	3.21	13.7	3.21	0	3.21	7.64	3.21	0	3.21	0.02								
3.21	3.83	3.21	327.21	3.21	316.37	3.21	13.75	3.21	13.7	3.21	0	3.21	7.64	3.21	0	3.21	0.02								
3.22	3.96	3.22	327.24	3.22	316.4	3.21	13.75	3.21	13.7	3.21	0	3.21	7.64	3.21	0	3.21	0.02								
3.22	4.09	3.22	327.27	3.22	316.43	3.22	13.75	3.22	13.7	3.22	0	3.22	7.64	3.22	0	3.22	0.02								
3.22	4.16	3.22	327.26	3.22	316.38	3.22	13.75	3.22	13.7	3.22	0	3.22	7.64	3.22	0	3.22	0.02								
3.23	4.23	3.23	327.23	3.23	316.31	3.23	13.75	3.23	13.7	3.23	0	3.23	7.64	3.23	0	3.23	0.02								
3.23	4.31	3.23	327.21	3.23	316.25	3.23	13.75	3.23	13.7	3.23	0	3.23	7.64	3.23	0	3.23	0.02								
3.24	4.41	3.24	327.2	3.24	316.2	3.23	13.75	3.23	13.7	3.23	0	3.23	7.64	3.23	0	3.23	0.02								
3.24	4.52	3.24	327.19	3.24	316.15	3.24	13.75	3.24	13.8	3.24	0	3.24	7.64	3.24	0	3.24	0.02								
3.24	4.63	3.24	327.19	3.24	316.18	3.24	13.75	3.24	13.8	3.24	0	3.24	7.64	3.24	0	3.24	0.02								
3.25	4.73	3.25	327.19	3.25	316.24	3.25	13.75	3.25	13.7	3.25	0	3.25	7.64	3.25	0	3.25	0.02								
3.25	4.84	3.25	327.19	3.25	316.29	3.25	13.75	3.25	13.7	3.25	0	3.25	7.64	3.25	0	3.25	0.02								
3.26	4.98	3.26	327.22	3.26	316.32	3.25	13.75	3.25	13.7	3.25	0	3.25	7.64	3.25	0	3.25	0.02								
3.26	5.11	3.26	327.24	3.26	316.36	3.26	13.75	3.26	13.8	3.26	0	3.26	7.64	3.26	0	3.26	0.02								
3.26	5.12	3.26	327.22	3.26	316.29	3.26	13.75	3.26	13.8	3.26	0	3.26	7.64	3.26	0	3.26	0.02								
3.27	5.1	3.27	327.2	3.27	316.2	3.27	13.75	3.27	13.8	3.27	0	3.27	7.64	3.27	0	3.27	0.02								
3.27	5.08	3.27	327.18	3.27	316.15	3.27	13.75	3.27	13.8	3.27	0	3.27	7.64	3.27	0	3.27	0.02								
3.28	5.07	3.28	327.16	3.28	316.2	3.27	13.75	3.27	13.8	3.27	0	3.27	7.64	3.27	0	3.27	0.02								
3.28	5.05	3.28	327.14	3.28	316.24	3.28	13.75	3.28	13.8	3.28	0	3.28	7.64	3.28	0	3.28	0.02								
3.28	4.98	3.28	327.15	3.28	316.25	3.28	13.75	3.28	13.8	3.28	0	3.28	7.64	3.28	0	3.28	0.02								
3.29	4.91	3.29	327.16	3.29	316.27	3.29	13.75	3.29	13.7	3.29	0	3.29	7.64	3.29	0	3.29	0.02								
3.29	4.86	3.29	327.18	3.29	316.3	3.29	13.75	3.29	13.7	3.29	0	3.29	7.64	3.29	0	3.29	0.02								
3.3	4.83	3.3	327.22	3.3	316.37	3.29	13.75	3.29	13.7	3.29	0	3.29	7.64	3.29	0	3.29	0.02								
3.3	4.81	3.3	327.27	3.3	316.43	3.3	13.75	3.3	13.7	3.3	0	3.3	7.64	3.3	0	3.3	0.02								
3.3	4.67	3.3	327.24	3.3	316.37	3.3	13.75	3.3	13.7	3.3	0	3.3	7.64	3.3	0	3.3	0.02								
3.31	4.5	3.31	327.2	3.31	316.29	3.31	13.75	3.31	13.8	3.31	0	3.31	7.64	3.31	0	3.31	0.02								
3.31	4.37	3.31	327.17	3.31	316.25	3.31	13.75	3.31	13.8	3.31	0	3.31	7.64	3.31	0	3.31	0.02								
3.32	4.29	3.32	327.18	3.32	316.27	3.31	13.75	3.31	13.8	3.31	0	3.31	7.64	3.31	0	3.31	0.02								
3.32	4.21	3.32	327.18	3.32	316.29	3.32	13.75	3.32	13.7	3.32	0	3.32	7.64	3.32	0	3.32	0.02								
3.32	4.1	3.32	327.18	3.32	316.27	3.32	13.75	3.32	13.7	3.32	0	3.32	7.64	3.32	0	3.32	0.02								
3.33	4	3.33	327.17	3.33	316.25	3.33	13.75	3.33	13.7	3.33	0	3.33	7.64	3.33	0	3.33	0.02								
3.33	3.92	3.33	327.19	3.33	316.25	3.33	13.75	3.33	13.7	3.33	0	3.33	7.64	3.33	0	3.33	0.02								
3.34	3.89	3.34	327.22	3.34	316.28	3.33	13.75	3.33	13.7	3.33	0	3.33	7.64	3.33	0	3.33	0.02								
3.34	3.85	3.34	327.25	3.34	316.31	3.34	13.75	3.34	13.7	3.34	0	3.34	7.64	3.34	0	3.34	0.02								
3.34	3.76	3.34	327.22	3.34	316.31	3.34	13.75	3.34	13.7	3.34	0	3.34	7.64	3.34	0	3.34	0.02								
3.35	3.67	3.35	327.19	3.35	316.3	3.35	13.75	3.35	13.7	3.35	0	3.35	7.64	3.35	0	3.35	0.02								
3.35	3.62	3.35	327.17	3.35	316.29	3.35	13.75	3.35	13.7	3.35	0	3.35	7.64	3.35	0	3.35	0.02								
3.36	3.62	3.36	327.18	3.36	316.29	3.35	13.75	3.35	13.7	3.35	0	3.35	7.64	3.35	0	3.35	0.02								
3.36	3.62	3.36	327.19	3.36	316.29	3.36	13.75	3.36	13.7	3.36	0	3.36	7.64	3.36	0	3.36	0.02								
3.36	3.61	3.36	327.21	3.36	316.29	3.36	13.75	3.36	13.7	3.36	0	3.36	7.64	3.36	0	3.36	0.02								
3.37	3.6	3.37	327.23	3.37	316.29	3.37	13.75	3.37	13.7	3.37	0	3.37	7.64	3.37	0	3.37	0.02								
3.37	3.6	3.37	327.26	3.37	316.32	3.37	13.75	3.37	13.7	3.37	0	3.37	7.64	3.37	0	3.37	0.02								
3.38	3.61	3.38	327.29	3.38	316.39	3.37	13.75	3.37	13.7	3.37	0	3.37	7.64	3.37	0	3.37	0.02								
3.38	3.62	3.38	327.32	3.38	316.46	3.38	13.75	3.38	13.7	3.38	0	3.38	7.64	3.38	0	3.38	0.02								
3.38	3.59	3.38	327.28	3.38	316.38	3.38	13.75	3.38	13.7	3.38	0	3.38	7.64	3.38	0	3.38	0.02								
3.39	3.56	3.39	327.24	3.39	316.3	3.39	13.75	3.39	13.7	3.39	0	3.39	7.64	3.39	0	3.39	0.02								
3.39	3.53	3.39	327.22	3.39	316.26	3.39	13.75	3.39	13.7	3.39	0	3.39	7.64	3.39	0	3.39	0.02								
3.4	3.53	3.4	327.21	3.4	316.27	3.39	13.75	3.39	13.7	3.39	0	3.39	7.64	3.39	0	3.39	0.02								
3.4	3.52	3.4	327.2	3.4	316.27	3.4	13.75	3.4	13.7	3.4	0	3.4	7.64	3.4	0	3.4	0.02								
3.4	3.53	3.4	327.19	3.4	316.28	3.4	13.75	3.4	13.7	3.4	0	3.4	7.64	3.4	0	3.4	0.02								
3.41	3.54	3.41	327.18	3.41	316.28	3.41	13.75	3.41	13.7	3.41	0	3.41	7.64	3.41	0	3.41	0.02								
3.41	3.56	3.41	327.19	3.41	316.31	3.41	13.75	3.41	13.7	3.41	0	3.41	7.64	3.41	0	3.41	0.02								
3.42	3.58	3.42	327.22	3.42	316.36	3.41	13.75	3.41	13.7	3.41	0	3.41	7.64	3.41	0	3.41	0.02								
3.42	3.61	3.42	327.24	3.42	316.41	3.42	13.75	3.42	13.7	3.42	0	3.42	7.64	3.42	0	3.42	0.02								
3.42	3.6	3.42	327.22	3.42	316.36	3.42	13.75	3.42	13.7	3.42	0	3.42	7.64	3.42	0	3.42	0.02								
3.43	3.59	3.43	327.19	3.43	316.31	3.43	13.75	3.43	13.7	3.43	0	3.43	7.64	3.43	0	3.43	0.02								
3.43	3.57	3.43	327.18	3.43	316.27	3.43	13.75	3.43	13.7	3.43	0	3.43	7.64	3.43	0	3.43	0.02								
3.44	3.54	3.44	327.18	3.44	316.25	3.43	13.75	3.43	13.7	3.43	0	3.43	7.64	3.43	0	3.43	0.02								
3.44	3.51	3.44	327.18	3.44	316.23	3.44	13.75	3.44	13.7	3.44	0	3.44	7.64	3.44	0	3.44	0.02								
3.44	3.53	3.44	327.19	3.44	316.2	3.44	13.75	3.44	13.7	3.44	0	3.44	7.64	3.44	0	3.44	0.02								
3.45	3.54	3.45	327.2	3.45	316.17	3.45	13.75	3.45	13.7	3.45	0	3.45	7.64	3.45	0	3.45	0.02								
3.45	3.58	3.45	327.25	3.45	316.24	3.45	13.75	3.45	13.7	3.45	0	3.45	7.64	3.45	0	3.45	0.02								
3.46	3.64	3.46	327.33	3.46	316.41	3.45	13.75	3.45	13.7	3.45	0	3.45	7.64	3.45	0	3.45	0.02								
3.46	3.69	3.46	327.4	3.46	316.56	3.46	13.75	3.46	13.7	3.46	0	3.46	7.64	3.46	0	3.46	0.02								
3.46	3.63	3.46	327.35	3.46	316.44	3.46	13.75	3.46	13.7	3.46	0	3.46	7.64	3.46	0	3.46	0.02								
3.47	3.57	3.47	327.3	3.47	316.32	3.47	13.74	3.47	13.7	3.47	0	3.47	7.64	3.47	0	3.47	0.02								
3.47	3.54	3.47	327.28	3.47	316.28	3.47	13.74	3.47	13.7	3.47	0	3.47	7.64	3.47	0	3.47	0.02								
3.48	3.54	3.48	327.28	3.48	316.3	3.48	13.74	3.48	13.7	3.48	0	3.48	7.64	3.48	0	3.48	0.02								
3.48	3.54	3.48	327.27	3.48	316.33	3.48	13.74	3.48	13.7	3.48	0	3.48	7.64	3.48	0	3.48	0.02								
3.48	3.55	3.48	327.27	3.48	316.34	3.48	13.74	3.48	13.7	3.48	0	3.48	7.64	3.48	0	3.48	0.02								
3.49	3.56	3.49	327.26	3.49	316.36	3.49	13.74	3.49	13.7	3.49	0	3.49	7.64	3.49	0	3.49	0.02								
3.49	3.59	3.49	327.27	3.49	316.38	3.49	13.74	3.49	13.7	3.49	0	3.49	7.64	3.49	0	3.49	0.02								
3.5	3.63	3.5	327.28	3.5	316.39	3.5	13.74	3.5	13.7	3.5	0	3.5	7.64	3.5	0	3.5	0.02								
3.5	3.67	3.5	327.28	3.5	316.4	3.5	13.74	3.5	13.7	3.5	0	3.5	7.64	3.5	0	3.5	0.02								
3.5	3.64	3.5	327.26	3.5	316.36	3.5	13.74	3.5	13.7	3.5	0	3.5	7.64	3.5	0	3.5	0.02								
3.51	3.6	3.51	327.24	3.51	316.33	3.51	13.74	3.51	13.7	3.51	0	3.51	7.64	3.51	0	3.51	0.02								
3.51	3.58	3.51	327.24	3.51	316.29	3.51	13.74	3.51	13.7	3.51	0	3.51	7.64	3.51	0	3.51	0.02								
3.52	3.58	3.52	327.25	3.52	316.27	3.52	13.74	3.52	13.7	3.52	0	3.52	7.64	3.52	0	3.52	0.02								
3.52	3.57	3.52	327.27	3.52	316.24	3.52	13.74	3.52	13.7	3.52	0	3.52	7.64	3.52	0	3.52	0.02								
3.52	3.55	3.52	327.25	3.52	316.27	3.52	13.74	3.52	13.7	3.52	0	3.52	7.64	3.52	0	3.52	0.02								
3.53	3.53	3.53	327.24	3.53	316.3	3.53	13.74	3.53	13.7	3.53	0	3.53	7.64	3.53	0	3.53	0.02								
3.53	3.54	3.53	327.26	3.53	316.35	3.53	13.74	3.53	13.7	3.53	0	3.53	7.64	3.53	0	3.53	0.02								
3.54	3.58	3.54	327.31	3.54	316.42	3.54	13.74	3.54	13.7	3.54	0	3.54	7.64	3.54	0	3.54	0.02								
3.54	3.62	3.54	327.35	3.54	316.48	3.54	13.74	3.54	13.7	3.54	0	3.54	7.64	3.54	0	3.54	0.02								
3.54	3.65	3.54	327.32	3.54	316.44	3.54	13.74	3.54	13.7	3.54	0	3.54	7.64	3.54	0	3.54	0.02								
3.55	3.67	3.55	327.3	3.55	316.4	3.55	13.74	3.55	13.7	3.55	0	3.55	7.64	3.55	0	3.55	0.02								
3.55	3.67	3.55	327.28	3.55	316.38	3.55	13.74	3.55	13.7	3.55	0	3.55	7.64	3.55	0	3.55	0.02								
3.56	3.65	3.56	327.28	3.56	316.36	3.56	13.74	3.56	13.7	3.56	0	3.56	7.64	3.56	0	3.56	0.02								
3.56	3.64	3.56	327.27	3.56	316.35	3.56	13.74	3.56	13.7	3.56	0	3.56	7.64	3.56	0	3.56	0.02								
3.56	3.63	3.56	327.27	3.56	316.34	3.56	13.74	3.56	13.7	3.56	0	3.56	7.64	3.56	0	3.56	0.02								
3.57	3.63	3.57	327.26	3.57	316.32	3.57	13.74	3.57	13.7	3.57	0	3.57	7.64	3.57	0	3.57	0.02								
3.57	3.63	3.57	327.28	3.57	316.35	3.57	13.74	3.57	13.7	3.57	0	3.57	7.64	3.57	0	3.57	0.02								
3.58	3.65	3.58	327.31	3.58	316.4	3.58	13.74	3.58	13.7	3.58	0	3.58	7.64	3.58	0	3.58	0.02								
3.58	3.66	3.58	327.34	3.58	316.45	3.58	13.74	3.58	13.7	3.58	0	3.58	7.64	3.58	0	3.58	0.02								
3.58	3.66	3.58	327.33	3.58	316.45	3.58	13.74	3.58	13.7	3.58	0	3.58	7.64	3.58	0	3.58	0.02								
3.59	3.67	3.59	327.31	3.59	316.45	3.59	13.74	3.59	13.7	3.59	0	3.59	7.64	3.59	0	3.59	0.02								
3.59	3.66	3.59	327.29	3.59	316.41	3.59	13.74	3.59	13.7	3.59	0	3.59	7.64	3.59	0	3.59	0.02								
3.6	3.64	3.6	327.27	3.6	316.36	3.6	13.74	3.6	13.7	3.6	0	3.6	7.64	3.6	0	3.6	0.02								
3.6	3.63	3.6	327.25	3.6	316.32	3.6	13.74	3.6	13.7	3.6	0	3.6	7.64	3.6	0	3.6	0.02								
3.6	3.61	3.6	327.27	3.6	316.34	3.6	13.74	3.6	13.7	3.6	0	3.6	7.64	3.6	0	3.6	0.02								
3.61	3.6	3.61	327.29	3.61	316.35	3.61	13.74	3.61	13.7	3.61	0	3.61	7.64	3.61	0	3.61	0.02								
3.61	3.62	3.61	327.32	3.61	316.41	3.61	13.74	3.61	13.7	3.61	0	3.61	7.64	3.61	0	3.61	0.02								
3.62	3.67	3.62	327.36	3.62	316.49	3.62	13.74	3.62	13.7	3.62	0	3.62	7.64	3.62	0	3.62	0.02								
3.62	3.71	3.62	327.39	3.62	316.55	3.62	13.74	3.62	13.7	3.62	0	3.62	7.64	3.62	0	3.62	0.02								
3.62	3.7	3.62	327.39	3.62	316.51	3.62	13.74	3.62	13.7	3.62	0	3.62	7.64	3.62	0	3.62	0.02								
3.63	3.7	3.63	327.39	3.63	316.48	3.63	13.74	3.63	13.7	3.63	0	3.63	7.64	3.63	0	3.63	0.02								
3.63	3.67	3.63	327.38	3.63	316.43	3.63	13.74	3.63	13.7	3.63	0	3.63	7.64	3.63	0	3.63	0.02								
3.64	3.63	3.64	327.35	3.64	316.38	3.64	13.75	3.64	13.7	3.64	0	3.64	7.64	3.64	0	3.64	0.02								
3.64	3.61	3.64	327.32	3.64	316.34	3.64	13.75	3.64	13.7	3.64	0	3.64	7.64	3.64	0	3.64	0.02								
3.64	3.65	3.64	327.33	3.64	316.35	3.64	13.75	3.64	13.7	3.64	0	3.64	7.64	3.64	0	3.64	0.02								
3.65	3.69	3.65	327.33	3.65	316.36	3.65	13.74	3.65	13.7	3.65	0	3.65	7.64	3.65	0	3.65	0.02								
3.65	3.7	3.65	327.3	3.65	316.35	3.65	13.74	3.65	13.7	3.65	0	3.65	7.64	3.65	0	3.65	0.02								
3.66	3.7	3.66	327.3	3.66	316.35	3.66	13.74	3.66	13.7	3.66	0	3.66	7.64	3.66	0	3.66	0.02								
						3.66	13.74	3.66	13.7	3.66	0	3.66	7.64	3.66	0	3.66	0.02								
